kind,best_scheduler,head,mean,std,min,max,range,mean_abs_delta,std_abs_delta,locality_fraction_delta_le_10,monotone_up_fraction,unique_ratio,distance_head_to_mean,seek_FCFS,seek_SCAN,seek_C-SCAN,seek_SSTF
sequential,SCAN,193.0,125.8,58.70343544745344,2.0,198.0,196.0,5.593220338983051,25.032940091595652,0.9830508474576272,0.8305084745762712,0.95,67.2,422,203,397,387
sequential,SSTF,133.0,29.816666666666666,17.250595802915203,1.0,60.0,59.0,1.576271186440678,1.2649564852234094,1.0,0.8135593220338984,0.6666666666666666,103.18333333333334,225,264,325,132
sequential,SSTF,24.0,118.98333333333333,64.6097236404002,1.0,199.0,198.0,5.762711864406779,25.281693640335046,0.9830508474576272,0.847457627118644,0.8833333333333333,94.98333333333333,426,373,396,221
sequential,SCAN,191.0,139.96666666666667,34.558629731065565,81.0,197.0,116.0,2.406779661016949,1.7574890029580639,1.0,0.8305084745762712,0.8333333333333334,51.03333333333333,250,126,396,226
sequential,SCAN,131.0,95.35,58.675044382883364,2.0,198.0,196.0,6.322033898305085,24.97554103719369,0.9830508474576272,0.9322033898305084,0.95,35.650000000000006,399,265,395,329
sequential,SCAN,105.0,101.71666666666667,72.40605215649371,3.0,199.0,196.0,5.47457627118644,25.068959760319565,0.9830508474576272,0.9152542372881356,0.8,3.2833333333333314,363,290,355,290
sequential,SCAN,3.0,108.9,54.02181658058776,4.0,199.0,195.0,7.237288135593221,24.712817632913808,0.9830508474576272,0.9830508474576272,0.9,105.9,546,196,196,196
sequential,SSTF,173.0,92.01666666666667,52.11765269294294,2.0,180.0,178.0,3.0508474576271185,1.881432278188293,1.0,0.9830508474576272,0.8666666666666667,80.98333333333333,351,223,392,185
sequential,SCAN,139.0,96.36666666666666,60.286528806654275,2.0,197.0,195.0,6.271186440677966,24.839027866887616,0.9830508474576272,0.9830508474576272,0.9666666666666667,42.63333333333334,380,257,396,273
sequential,SCAN,182.0,100.01666666666667,60.13831049247135,0.0,198.0,198.0,6.372881355932203,25.2230042331449,0.9830508474576272,0.9661016949152542,0.9333333333333333,81.98333333333333,469,216,395,380
sequential,SSTF,128.0,119.63333333333334,17.33009585150129,90.0,151.0,61.0,1.6779661016949152,1.3459377421079202,1.0,0.8135593220338984,0.6666666666666666,8.36666666666666,137,180,397,99
sequential,SSTF,167.0,86.68333333333334,17.380536687788315,58.0,114.0,56.0,1.694915254237288,1.3309132494508868,1.0,0.7966101694915254,0.6,80.31666666666666,209,173,345,109
sequential,SSTF,198.0,111.3,17.359243455097154,80.0,141.0,61.0,1.7966101694915255,1.362694999474019,1.0,0.7966101694915254,0.6666666666666666,86.7,224,120,341,118
sequential,SCAN,30.0,64.36666666666666,17.363723359028988,33.0,92.0,59.0,1.7796610169491525,1.2764861277127275,1.0,0.7627118644067796,0.6333333333333333,34.36666666666666,108,62,62,62
sequential,SCAN,80.0,127.5,17.542804792848834,96.0,158.0,62.0,1.9152542372881356,1.5214637866237466,1.0,0.7627118644067796,0.6833333333333333,47.5,129,78,78,78
sequential,SCAN,70.0,98.16666666666667,60.68832031142584,1.0,199.0,198.0,6.491525423728813,25.09735139064728,0.9830508474576272,0.8983050847457628,0.95,28.16666666666667,425,327,393,327
sequential,SSTF,11.0,63.0,34.70446657132191,3.0,124.0,121.0,2.3220338983050848,1.6513033164499797,1.0,0.9152542372881356,0.85,52.0,145,384,397,129
sequential,SSTF,115.0,69.06666666666666,34.86682600346002,8.0,129.0,121.0,2.3220338983050848,1.6306458943465347,1.0,0.9152542372881356,0.8833333333333333,45.93333333333334,244,275,397,137
sequential,SCAN,29.0,134.45,17.468471598854894,105.0,162.0,57.0,1.5423728813559323,1.1691230075241041,1.0,0.8305084745762712,0.6833333333333333,105.44999999999999,167,133,133,133
sequential,SCAN,144.0,107.86666666666666,54.375995520899565,2.0,199.0,197.0,6.3559322033898304,25.105042178316783,0.9830508474576272,0.9491525423728814,0.9666666666666667,36.13333333333334,488,252,397,339
sequential,SSTF,50.0,87.18333333333334,57.94925701757434,1.0,194.0,193.0,7.1525423728813555,24.481617842381414,0.9830508474576272,0.9830508474576272,0.9333333333333333,37.18333333333334,458,347,397,242
sequential,SCAN,53.0,94.91666666666667,59.25377390700294,1.0,199.0,198.0,6.508474576271187,25.217274736392696,0.9830508474576272,0.8813559322033898,0.9333333333333333,41.91666666666667,480,344,393,344
sequential,SSTF,121.0,108.93333333333334,56.397360064299306,3.0,198.0,195.0,7.1525423728813555,24.744671440994743,0.9830508474576272,0.9830508474576272,0.9166666666666666,12.066666666666663,437,274,393,272
sequential,SSTF,96.0,90.2,70.86367193421464,1.0,197.0,196.0,5.661016949152542,25.053576604164313,0.9830508474576272,0.864406779661017,0.8166666666666667,5.799999999999997,390,301,372,291
sequential,SSTF,67.0,107.86666666666666,56.365316364666036,0.0,197.0,197.0,6.406779661016949,25.099205635392572,0.9830508474576272,0.9322033898305084,0.9333333333333333,40.86666666666666,399,331,397,264
sequential,SCAN,1.0,73.01666666666667,34.92157483403189,14.0,133.0,119.0,2.406779661016949,1.6376776039567678,1.0,0.847457627118644,0.85,72.01666666666667,156,132,132,132
sequential,SSTF,114.0,107.4,58.467141769259314,0.0,194.0,194.0,7.237288135593221,24.60421555657213,0.9830508474576272,0.9830508474576272,0.9166666666666666,6.599999999999994,457,284,395,274
sequential,SSTF,148.0,85.76666666666667,34.7185669187092,28.0,146.0,118.0,2.2711864406779663,1.6346928232107778,1.0,0.8813559322033898,0.85,62.233333333333334,254,222,396,120
sequential,SCAN,66.0,135.06666666666666,34.81133276519141,78.0,194.0,116.0,2.2711864406779663,1.5820016121461742,1.0,0.864406779661017,0.85,69.06666666666666,146,128,128,128
sequential,SSTF,30.0,59.53333333333333,17.316145324202175,29.0,88.0,59.0,1.6101694915254237,1.2758107977328006,1.0,0.7627118644067796,0.6333333333333333,29.53333333333333,96,339,397,60
sequential,SSTF,114.0,94.65,55.71230414669037,2.0,198.0,196.0,7.237288135593221,24.866653856152894,0.9830508474576272,0.9830508474576272,0.9166666666666666,19.349999999999994,500,282,393,280
sequential,SCAN,124.0,94.45,59.80758731131026,1.0,195.0,194.0,6.254237288135593,24.721220706749698,0.9830508474576272,0.9491525423728814,0.9333333333333333,29.549999999999997,381,273,387,317
sequential,SSTF,152.0,51.36666666666667,17.017605263047116,22.0,80.0,58.0,1.6271186440677967,1.2336840939035827,1.0,0.7796610169491526,0.7333333333333333,100.63333333333333,226,224,326,130
sequential,SCAN,107.0,94.68333333333334,55.91078955701563,5.0,199.0,194.0,7.237288135593221,24.593880307466627,0.9830508474576272,0.9830508474576272,0.9666666666666667,12.316666666666663,498,286,395,296
sequential,SCAN,172.0,111.48333333333333,51.665104815102765,24.0,198.0,174.0,2.9661016949152543,1.8316067013150537,1.0,0.9830508474576272,0.9,60.516666666666666,322,202,394,324
sequential,SSTF,198.0,119.03333333333333,34.79557762449449,59.0,178.0,119.0,2.4915254237288136,1.7502821211424524,1.0,0.8135593220338984,0.8833333333333333,78.96666666666667,286,141,378,139
sequential,SCAN,98.0,145.53333333333333,17.752433323037405,116.0,177.0,61.0,1.7118644067796611,1.249418135185228,1.0,0.8305084745762712,0.6833333333333333,47.53333333333333,121,79,79,79
sequential,SCAN,137.0,110.03333333333333,58.311224381665056,1.0,195.0,194.0,7.186440677966102,24.60499782238766,0.9830508474576272,0.9830508474576272,0.9333333333333333,26.96666666666667,436,260,396,330
sequential,SSTF,54.0,104.3,53.18749853113982,2.0,198.0,196.0,7.271186440677966,24.85949023058522,0.9830508474576272,0.9830508474576272,0.95,50.3,479,342,396,248
sequential,SCAN,122.0,101.78333333333333,60.53568965678199,2.0,199.0,197.0,6.389830508474576,25.082249074102993,0.9830508474576272,0.9322033898305084,0.9666666666666667,20.21666666666667,384,274,397,276
sequential,SSTF,170.0,104.73333333333333,56.03834004996539,1.0,195.0,194.0,6.220338983050848,24.73593954087526,0.9830508474576272,0.9322033898305084,0.9,65.26666666666667,492,227,394,219
sequential,SSTF,82.0,104.75,56.330165098284596,1.0,195.0,194.0,6.237288135593221,24.727901610721442,0.9830508474576272,0.9491525423728814,0.8833333333333333,22.75,402,315,396,275
sequential,SCAN,147.0,130.8,34.5402181039244,71.0,189.0,118.0,2.3389830508474576,1.771814826491116,1.0,0.864406779661017,0.85,16.19999999999999,214,180,395,194
sequential,SCAN,45.0,109.71666666666667,55.269669701282716,3.0,199.0,196.0,6.3559322033898304,24.838981605167394,0.9830508474576272,0.9152542372881356,0.9166666666666666,64.71666666666667,382,350,395,364
sequential,SSTF,101.0,119.26666666666667,63.6065684937928,0.0,198.0,198.0,5.745762711864407,25.28521589906517,0.9830508474576272,0.847457627118644,0.8833333333333333,18.266666666666666,343,297,323,295
sequential,SCAN,133.0,105.56666666666666,59.70437356025287,4.0,199.0,195.0,6.220338983050848,24.732513286045403,0.9830508474576272,0.9491525423728814,0.9166666666666666,27.433333333333337,421,261,395,261
sequential,SCAN,161.0,98.3,52.78172032058069,0.0,197.0,197.0,7.288135593220339,25.00444085808923,0.9830508474576272,0.9830508474576272,0.9,62.7,516,237,393,362
sequential,SSTF,30.0,106.2,71.33858236139356,4.0,199.0,195.0,5.694915254237288,24.904056056065755,0.9830508474576272,0.8135593220338984,0.8666666666666667,76.2,438,364,395,269
sequential,SCAN,31.0,119.96666666666667,34.56345211668276,61.0,180.0,119.0,2.3220338983050848,1.5670405872984707,1.0,0.8813559322033898,0.8666666666666667,88.96666666666667,167,149,149,149
sequential,SCAN,151.0,107.66666666666667,56.2205972536361,2.0,196.0,194.0,7.186440677966102,24.623589747983328,0.9830508474576272,0.9830508474576272,0.85,43.33333333333333,444,245,397,343
sequential,SSTF,106.0,99.48333333333333,52.829439919634034,2.0,195.0,193.0,7.11864406779661,24.504641376867884,0.9830508474576272,0.9830508474576272,0.8833333333333333,6.516666666666666,441,290,394,282
sequential,SSTF,99.0,106.33333333333333,59.40389063203035,3.0,199.0,196.0,6.3559322033898304,24.966935906069384,0.9830508474576272,0.9661016949152542,0.8833333333333333,7.333333333333329,398,296,396,294
sequential,SSTF,34.0,98.0,53.199310772477745,1.0,199.0,198.0,7.338983050847458,25.108314626286532,0.9830508474576272,0.9830508474576272,0.8833333333333333,64.0,470,363,393,231
sequential,SSTF,56.0,114.96666666666667,34.85253059519336,55.0,174.0,119.0,2.3389830508474576,1.60095490034325,1.0,0.864406779661017,0.8833333333333333,58.96666666666667,139,287,397,120
sequential,SSTF,87.0,93.05,70.96394037349768,4.0,198.0,194.0,5.627118644067797,24.774165265032526,0.9830508474576272,0.8135593220338984,0.9,6.049999999999997,399,307,381,277
sequential,SSTF,81.0,94.66666666666667,54.03969734268401,4.0,197.0,193.0,7.220338983050848,24.498403819751175,0.9830508474576272,0.9830508474576272,0.9166666666666666,13.666666666666671,459,313,397,270
sequential,SSTF,49.0,90.01666666666667,59.21697157253335,5.0,198.0,193.0,7.11864406779661,24.523309386096198,0.9830508474576272,0.9830508474576272,0.8666666666666667,41.016666666666666,456,344,396,342
sequential,SSTF,53.0,111.03333333333333,34.61260207239875,50.0,171.0,121.0,2.2542372881355934,1.7231545799510284,1.0,0.9152542372881356,0.85,58.03333333333333,136,295,395,124
sequential,SCAN,70.0,129.98333333333332,34.34166161125903,71.0,188.0,117.0,2.3559322033898304,1.5705198520149661,1.0,0.847457627118644,0.8833333333333333,59.98333333333332,142,118,118,118
sequential,SSTF,113.0,96.2,54.80808942726125,2.0,198.0,196.0,7.220338983050848,24.867832190426093,0.9830508474576272,0.9830508474576272,0.9,16.799999999999997,489,283,392,281
sequential,SCAN,129.0,138.65,41.42335291434853,1.0,199.0,198.0,5.661016949152542,25.305328821464155,0.9830508474576272,0.8813559322033898,0.8,9.650000000000006,377,268,397,354
sequential,SSTF,30.0,87.3,58.37930569416986,2.0,197.0,195.0,7.237288135593221,24.73818086775565,0.9830508474576272,0.9830508474576272,0.95,57.3,443,366,395,362
sequential,SSTF,163.0,94.31666666666666,17.306541794618845,64.0,122.0,58.0,1.7627118644067796,1.2259756827135677,1.0,0.7627118644067796,0.5833333333333334,68.68333333333334,203,171,357,99
sequential,SSTF,41.0,104.85,59.63048018141952,1.0,199.0,198.0,6.47457627118644,25.229358693290067,0.9830508474576272,0.8983050847457628,0.95,63.849999999999994,420,356,396,238
sequential,SCAN,136.0,95.61666666666666,60.6053055066597,0.0,199.0,199.0,6.4576271186440675,25.359999220645282,0.9830508474576272,0.9322033898305084,0.9,40.38333333333334,382,262,397,264
sequential,SSTF,129.0,133.53333333333333,17.489488906832648,104.0,164.0,60.0,1.576271186440678,1.2914764882405925,1.0,0.8135593220338984,0.6333333333333333,4.533333333333331,117,165,396,95
sequential,SCAN,33.0,77.33333333333333,17.373031463225473,48.0,109.0,61.0,1.9491525423728813,1.4072900850608183,1.0,0.7288135593220338,0.6666666666666666,44.33333333333333,132,76,76,76
sequential,SCAN,20.0,111.4,17.733395989864245,81.0,142.0,61.0,1.8644067796610169,1.3078333372108764,1.0,0.7457627118644068,0.75,91.4,171,122,122,122
sequential,SCAN,73.0,107.23333333333333,55.51737465774916,1.0,199.0,198.0,6.389830508474576,25.209640978727908,0.9830508474576272,0.9322033898305084,0.95,34.233333333333334,410,324,396,328
sequential,SCAN,1.0,61.733333333333334,17.43929152485527,32.0,93.0,61.0,1.4915254237288136,1.3196414684624902,1.0,0.8813559322033898,0.6666666666666666,60.733333333333334,120,92,92,92
sequential,SCAN,56.0,105.53333333333333,57.24027331249292,3.0,199.0,196.0,6.237288135593221,24.99175388277735,0.9830508474576272,0.9661016949152542,0.8666666666666667,49.53333333333333,369,339,397,341
sequential,SSTF,197.0,106.31666666666666,34.77618517830205,46.0,167.0,121.0,2.3220338983050848,1.5231621653329472,1.0,0.8983050847457628,0.8666666666666667,90.68333333333334,288,155,368,151
sequential,SSTF,24.0,109.8,51.694229207265806,22.0,197.0,175.0,3.0677966101694913,1.8213834077301272,1.0,0.9491525423728814,0.95,85.8,183,352,396,177
sequential,SCAN,21.0,137.51666666666668,17.341176110312958,108.0,169.0,61.0,1.694915254237288,1.3309132494508868,1.0,0.7966101694915254,0.7166666666666667,116.51666666666668,188,148,148,148
sequential,SSTF,31.0,96.26666666666667,53.80640193219473,2.0,198.0,196.0,7.305084745762712,24.864551199423456,0.9830508474576272,0.9830508474576272,0.8833333333333333,65.26666666666667,454,365,397,225
sequential,SSTF,178.0,106.08333333333333,34.96678979959254,48.0,167.0,119.0,2.3389830508474576,1.27039523399617,1.0,0.8983050847457628,0.8833333333333333,71.91666666666667,267,172,387,130
sequential,SSTF,100.0,104.05,59.15359245219178,2.0,197.0,195.0,6.372881355932203,24.716630169827464,0.9830508474576272,0.8983050847457628,0.9333333333333333,4.049999999999997,407,296,396,293
sequential,SCAN,182.0,108.68333333333334,56.52418115776253,4.0,199.0,195.0,6.271186440677966,24.851989320145574,0.9830508474576272,0.9491525423728814,0.9,73.31666666666666,501,212,395,212
sequential,SSTF,72.0,92.25,51.906847653593196,3.0,181.0,178.0,3.152542372881356,1.964201302483815,1.0,0.9322033898305084,0.9333333333333333,20.25,255,323,396,247
sequential,SSTF,58.0,104.83333333333333,34.23554033781594,48.0,162.0,114.0,2.23728813559322,1.8442671876251449,1.0,0.864406779661017,0.8,46.83333333333333,142,292,396,124
sequential,SSTF,130.0,119.2,34.58217267128638,60.0,178.0,118.0,2.288135593220339,1.5843605078714293,1.0,0.864406779661017,0.85,10.799999999999997,205,208,397,188
sequential,SCAN,119.0,105.55,53.3142960815077,2.0,199.0,197.0,7.338983050847458,24.971583965489163,0.9830508474576272,0.9830508474576272,0.9333333333333333,13.450000000000003,449,277,397,314
sequential,SSTF,77.0,105.61666666666666,54.8625833839016,1.0,197.0,196.0,7.305084745762712,24.841363971728065,0.9830508474576272,0.9830508474576272,0.95,28.61666666666666,473,320,397,272
sequential,SSTF,51.0,99.86666666666666,53.04038293811821,1.0,197.0,196.0,7.271186440677966,24.877891967806477,0.9830508474576272,0.9830508474576272,0.8666666666666667,48.86666666666666,470,346,396,342
sequential,SSTF,182.0,84.9,34.524725439410325,27.0,146.0,119.0,2.457627118644068,1.6189768049165496,1.0,0.864406779661017,0.85,97.1,300,189,362,155
sequential,SSTF,26.0,86.53333333333333,57.08691229656369,0.0,192.0,192.0,7.11864406779661,24.40344845439948,0.9830508474576272,0.9830508474576272,0.8166666666666667,60.53333333333333,426,372,396,358
sequential,SSTF,157.0,147.51666666666668,17.303652472495187,118.0,178.0,60.0,2.0508474576271185,1.3457242875443531,1.0,0.711864406779661,0.7333333333333333,9.48333333333332,160,123,397,99
sequential,SCAN,188.0,161.21666666666667,17.092972890115465,132.0,191.0,59.0,1.6440677966101696,1.2455032590422939,1.0,0.7627118644067796,0.6833333333333333,26.78333333333333,153,78,397,115
sequential,SCAN,149.0,105.38333333333334,54.12026474025747,0.0,194.0,194.0,6.288135593220339,24.586789099410737,0.9830508474576272,0.9322033898305084,0.9333333333333333,43.61666666666666,490,249,394,345
sequential,SSTF,18.0,94.46666666666667,53.393653388977064,2.0,196.0,194.0,7.220338983050848,24.596449927532895,0.9830508474576272,0.9830508474576272,0.8833333333333333,76.46666666666667,467,378,395,372
sequential,SSTF,185.0,83.25,17.148979561478285,53.0,112.0,59.0,1.728813559322034,1.3633272916739123,1.0,0.7457627118644068,0.7666666666666667,101.75,234,160,325,132
sequential,SCAN,197.0,98.95,72.01144006336771,0.0,199.0,199.0,5.52542372881356,25.323236420065964,0.9830508474576272,0.9322033898305084,0.85,98.05,385,201,395,201
sequential,SSTF,90.0,96.6,52.88043116314389,0.0,194.0,194.0,7.220338983050848,24.623309747796654,0.9830508474576272,0.9830508474576272,0.9166666666666666,6.599999999999994,435,308,397,284
sequential,SCAN,11.0,99.5,51.59893409751794,13.0,188.0,175.0,3.169491525423729,1.8969426103278226,1.0,0.8983050847457628,0.9,88.5,189,177,177,177
sequential,SSTF,105.0,94.65,52.15068711595914,7.0,185.0,178.0,3.1864406779661016,1.943913371432338,1.0,0.9152542372881356,0.9166666666666666,10.349999999999994,286,286,397,276
sequential,SCAN,10.0,72.71666666666667,34.43887903066662,15.0,131.0,116.0,2.4745762711864407,1.680959493995585,1.0,0.7966101694915254,0.85,62.71666666666667,152,121,121,121
sequential,SSTF,74.0,101.41666666666667,60.551160645817156,1.0,198.0,197.0,6.271186440677966,25.096309748629142,0.9830508474576272,0.9661016949152542,0.9333333333333333,27.41666666666667,401,323,396,270
sequential,SSTF,81.0,102.1,52.91430178442623,3.0,198.0,195.0,7.186440677966102,24.738958897480448,0.9830508474576272,0.9830508474576272,0.95,21.099999999999994,428,314,392,312
sequential,SCAN,146.0,90.86666666666666,34.76418974877581,30.0,149.0,119.0,2.305084745762712,1.5865348371303813,1.0,0.8983050847457628,0.8666666666666667,55.13333333333334,252,222,397,235
sequential,FCFS,49.0,92.7,34.763150988750525,34.0,152.0,118.0,2.4237288135593222,1.729145863709403,1.0,0.8135593220338984,0.85,43.7,157,315,395,221
sequential,SSTF,126.0,99.7,71.96140169099912,0.0,198.0,198.0,5.5423728813559325,25.32856766838871,0.9830508474576272,0.8983050847457628,0.8,26.299999999999997,333,272,325,270
sequential,SSTF,154.0,61.483333333333334,17.438933135054132,31.0,93.0,62.0,1.9152542372881356,1.4413757034216474,1.0,0.7288135593220338,0.7166666666666667,92.51666666666667,235,213,337,123
sequential,SCAN,107.0,109.25,58.696571450128154,1.0,195.0,194.0,7.203389830508475,24.605207979114702,0.9830508474576272,0.9830508474576272,0.8833333333333333,2.25,467,290,394,306
sequential,SSTF,141.0,58.65,17.215133845931412,27.0,87.0,60.0,1.694915254237288,1.3051948005544718,1.0,0.7796610169491526,0.65,82.35,214,230,344,114
sequential,SCAN,167.0,88.51666666666667,58.17487764395288,1.0,199.0,198.0,7.322033898305085,25.107525158646588,0.9830508474576272,0.9830508474576272,0.9166666666666666,78.48333333333333,580,230,394,372
sequential,SSTF,103.0,106.46666666666667,17.544673139034412,75.0,138.0,63.0,1.8135593220338984,1.295030609823259,1.0,0.7796610169491526,0.65,3.4666666666666686,135,220,396,98
sequential,SCAN,164.0,99.58333333333333,52.057113400145,12.0,189.0,177.0,3.0338983050847457,1.6566875434965966,1.0,0.9830508474576272,0.95,64.41666666666667,331,222,396,329
sequential,SSTF,8.0,98.35,52.98107366472169,1.0,196.0,195.0,7.237288135593221,24.75941114209743,0.9830508474576272,0.9830508474576272,0.9,90.35,507,389,395,206
sequential,SSTF,83.0,117.41666666666667,66.73062556944066,0.0,198.0,198.0,5.728813559322034,25.17587660835543,0.9830508474576272,0.7796610169491526,0.8833333333333333,34.41666666666667,370,315,348,313
sequential,SSTF,5.0,89.11666666666666,57.25617628013786,1.0,195.0,194.0,7.186440677966102,24.607753068088936,0.9830508474576272,0.9830508474576272,0.95,84.11666666666666,440,392,394,384
sequential,SCAN,199.0,103.35,60.36136319423764,1.0,197.0,196.0,6.322033898305085,24.985718414262518,0.9830508474576272,0.9322033898305084,0.8666666666666667,95.65,487,198,396,198
sequential,SSTF,127.0,92.9,53.25870820814188,0.0,195.0,195.0,7.237288135593221,24.741606337730282,0.9830508474576272,0.9830508474576272,0.9,34.099999999999994,495,271,394,263
sequential,SCAN,174.0,105.06666666666666,56.94525636277548,1.0,198.0,197.0,6.423728813559322,25.104664560716984,0.9830508474576272,0.9491525423728814,0.85,68.93333333333334,505,223,395,372
sequential,SSTF,54.0,90.6,57.41840587593262,2.0,197.0,195.0,7.203389830508475,24.730259829223655,0.9830508474576272,0.9830508474576272,0.9166666666666666,36.599999999999994,455,342,397,249
sequential,SCAN,158.0,108.16666666666667,70.3470365797704,0.0,197.0,197.0,5.627118644067797,25.171209209208058,0.9830508474576272,0.8813559322033898,0.8833333333333333,49.83333333333333,366,240,396,304
sequential,SSTF,194.0,85.78333333333333,17.58322274846742,55.0,117.0,62.0,1.5254237288135593,1.1696143389210927,1.0,0.8305084745762712,0.7166666666666667,108.21666666666667,229,149,321,139
sequential,SCAN,129.0,99.86666666666666,52.74734327169684,4.0,197.0,193.0,7.11864406779661,24.494264112902723,0.9830508474576272,0.9830508474576272,0.8833333333333333,29.13333333333334,465,265,393,318
sequential,SSTF,22.0,152.98333333333332,56.558963824392045,0.0,199.0,199.0,11.76271186440678,43.05154143308269,0.9491525423728814,0.7627118644067796,0.7,130.98333333333332,821,376,382,221
sequential,SSTF,95.0,146.03333333333333,64.64672372896317,1.0,198.0,197.0,4.796610169491525,25.14552874026898,0.9830508474576272,0.8135593220338984,0.6,51.03333333333333,339,302,313,300
sequential,SSTF,166.0,159.56666666666666,17.479861428385398,128.0,191.0,63.0,1.4745762711864407,1.184016894682914,1.0,0.864406779661017,0.65,6.433333333333337,125,104,397,101
sequential,SCAN,137.0,96.63333333333334,52.70735769848035,1.0,195.0,194.0,7.186440677966102,24.615328403577564,0.9830508474576272,0.9830508474576272,0.9166666666666666,40.36666666666666,491,260,396,330
sequential,SSTF,140.0,59.28333333333333,17.336946738749077,31.0,88.0,57.0,1.6440677966101696,1.1314114758155007,1.0,0.7796610169491526,0.7166666666666667,80.71666666666667,206,227,346,109
sequential,SCAN,122.0,102.28333333333333,60.58797781371776,0.0,199.0,199.0,6.372881355932203,25.351694561143574,0.9830508474576272,0.9661016949152542,0.9666666666666667,19.71666666666667,402,276,397,321
sequential,SCAN,130.0,158.66666666666666,17.46679389266642,130.0,188.0,58.0,1.6440677966101696,1.4233252050994587,1.0,0.7457627118644068,0.6166666666666667,28.666666666666657,98,58,58,58
sequential,SCAN,174.0,103.31666666666666,59.85997317815043,0.0,197.0,197.0,6.3559322033898304,25.08680706143722,0.9830508474576272,0.9661016949152542,0.9666666666666667,70.68333333333334,467,224,397,371
sequential,SCAN,110.0,99.01666666666667,52.8732735468077,2.0,199.0,197.0,7.338983050847458,24.985833389187864,0.9830508474576272,0.9830508474576272,0.9166666666666666,10.983333333333334,463,286,397,305
sequential,SCAN,118.0,110.1,55.771767051080595,5.0,199.0,194.0,7.169491525423729,24.58754855224998,0.9830508474576272,0.9830508474576272,0.9833333333333333,7.900000000000006,439,275,397,307
sequential,SCAN,9.0,126.0,35.113150433040516,65.0,185.0,120.0,2.2033898305084745,1.6341655312805354,1.0,0.9152542372881356,0.8333333333333334,117.0,186,176,176,176
sequential,SCAN,129.0,89.6,51.998782037018266,2.0,177.0,175.0,3.0,1.9044995783847778,1.0,0.9830508474576272,0.9166666666666666,39.400000000000006,304,267,397,302
sequential,SCAN,23.0,129.3,34.57614784790232,72.0,188.0,116.0,2.3728813559322033,1.6040024629587768,1.0,0.847457627118644,0.85,106.30000000000001,189,165,165,165
sequential,SCAN,35.0,132.76666666666668,17.31989863968288,105.0,162.0,57.0,1.88135593220339,1.3159355216123165,1.0,0.711864406779661,0.6833333333333333,97.76666666666668,181,127,127,127
sequential,SCAN,113.0,98.91666666666667,53.44663745789398,0.0,193.0,193.0,7.11864406779661,24.48180558988877,0.9830508474576272,0.9830508474576272,0.9,14.083333333333329,440,285,396,306
sequential,SSTF,7.0,100.96666666666667,71.95738708121326,2.0,199.0,197.0,5.52542372881356,24.940849299963794,0.9830508474576272,0.864406779661017,0.85,93.96666666666667,459,389,394,308
sequential,SSTF,83.0,50.25,17.122718826167766,22.0,80.0,58.0,1.7796610169491525,1.2360104849833582,1.0,0.7627118644067796,0.6833333333333333,32.75,166,293,395,61
sequential,SCAN,59.0,93.5,17.06311812067185,65.0,124.0,59.0,1.9661016949152543,1.178423274289403,1.0,0.6949152542372882,0.6666666666666666,34.5,123,65,65,65
sequential,SSTF,161.0,100.68333333333334,53.02593443044849,4.0,196.0,192.0,7.084745762711864,24.348659612704832,0.9830508474576272,0.9830508474576272,0.9833333333333333,60.31666666666666,491,233,397,229
sequential,SSTF,170.0,134.91666666666666,34.64789155040879,78.0,194.0,116.0,2.3389830508474576,1.733128546598538,1.0,0.847457627118644,0.85,35.08333333333334,230,150,394,140
sequential,SSTF,83.0,110.8,69.33777229379862,0.0,198.0,198.0,12.152542372881356,42.50296642063104,0.9491525423728814,0.8135593220338984,0.8333333333333334,27.799999999999997,758,315,354,313
sequential,SSTF,82.0,85.5,58.03748788498689,0.0,193.0,193.0,7.101694915254237,24.47184124818594,0.9830508474576272,0.9830508474576272,0.9333333333333333,3.5,486,316,396,277
sequential,SSTF,9.0,110.8,59.32363216571734,1.0,195.0,194.0,7.169491525423729,24.5937518194157,0.9830508474576272,0.9830508474576272,0.9166666666666666,101.8,567,388,394,202
sequential,SSTF,153.0,59.083333333333336,34.63538251878016,0.0,119.0,119.0,2.4237288135593222,1.8245351377353072,1.0,0.847457627118644,0.8,93.91666666666666,296,245,364,153
sequential,SCAN,157.0,102.83333333333333,60.528826924771046,3.0,199.0,196.0,6.423728813559322,24.819486186674492,0.9830508474576272,0.8983050847457628,0.9833333333333333,54.16666666666667,437,238,395,350
sequential,SSTF,179.0,132.08333333333334,34.631532676963,74.0,193.0,119.0,2.457627118644068,1.5657568040516607,1.0,0.847457627118644,0.8666666666666667,46.91666666666666,250,145,397,135
sequential,SSTF,66.0,96.98333333333333,71.46199261767676,3.0,198.0,195.0,5.508474576271187,24.784749877427483,0.9830508474576272,0.864406779661017,0.9166666666666666,30.983333333333334,407,329,397,262
sequential,SSTF,16.0,104.78333333333333,53.5375543167805,2.0,197.0,195.0,7.271186440677966,24.73235067232387,0.9830508474576272,0.9830508474576272,0.9333333333333333,88.78333333333333,518,380,395,209
sequential,SSTF,32.0,102.8,71.96406510659793,0.0,197.0,197.0,5.576271186440678,25.06412345167957,0.9830508474576272,0.8305084745762712,0.8666666666666667,70.8,433,366,393,269
sequential,SSTF,95.0,99.91666666666667,53.16994503998998,4.0,199.0,195.0,7.186440677966102,24.728679963858877,0.9830508474576272,0.9830508474576272,0.9333333333333333,4.916666666666671,444,299,395,288
sequential,SSTF,74.0,70.9,17.426703646989584,39.0,101.0,62.0,1.7966101694915255,1.2592661437970651,1.0,0.7288135593220338,0.6833333333333333,3.0999999999999943,141,285,396,89
sequential,SSTF,182.0,106.9,34.505893216473424,48.0,166.0,118.0,2.305084745762712,1.4052472764863815,1.0,0.864406779661017,0.9,75.1,268,168,382,134
sequential,SSTF,156.0,47.53333333333333,17.176987188936508,18.0,76.0,58.0,1.5932203389830508,1.415634780869227,1.0,0.8135593220338984,0.65,108.46666666666667,232,224,318,138
sequential,SSTF,146.0,97.31666666666666,59.617808208248945,4.0,198.0,194.0,6.169491525423729,24.732571362115415,0.9830508474576272,0.9830508474576272,0.9166666666666666,48.68333333333334,366,248,376,246
sequential,SSTF,70.0,94.11666666666666,55.01335948860261,1.0,197.0,196.0,7.288135593220339,24.84804725639805,0.9830508474576272,0.9830508474576272,0.9,24.11666666666666,457,327,395,323
sequential,SCAN,143.0,95.98333333333333,59.63541779475982,1.0,199.0,198.0,6.3559322033898304,25.24910652009691,0.9830508474576272,0.9491525423728814,0.8833333333333333,47.016666666666666,378,254,376,254
sequential,SCAN,188.0,99.61666666666666,60.32912278125347,0.0,197.0,197.0,6.3559322033898304,25.08613143218164,0.9830508474576272,0.9491525423728814,0.9,88.38333333333334,474,210,396,385
sequential,SCAN,199.0,92.98333333333333,55.8657592408405,5.0,198.0,193.0,7.1525423728813555,24.5182834299202,0.9830508474576272,0.9830508474576272,0.8833333333333333,106.01666666666667,584,194,397,194
sequential,SSTF,128.0,93.18333333333334,55.346632437956174,0.0,198.0,198.0,7.322033898305085,25.106850086918246,0.9830508474576272,0.9830508474576272,0.9333333333333333,34.81666666666666,516,270,393,268
sequential,SCAN,3.0,86.25,34.65526655502739,25.0,145.0,120.0,2.3389830508474576,1.513892384634753,1.0,0.8813559322033898,0.95,83.25,160,142,142,142
sequential,SCAN,110.0,91.46666666666667,56.044763854936136,2.0,199.0,197.0,7.271186440677966,24.96901843571761,0.9830508474576272,0.9830508474576272,0.9166666666666666,18.53333333333333,507,286,397,305
sequential,FCFS,50.0,86.85,34.637082729352365,29.0,148.0,119.0,2.5084745762711864,1.5984407800477736,1.0,0.8135593220338984,0.8833333333333333,36.849999999999994,168,319,396,217
sequential,SSTF,21.0,102.71666666666667,72.26227500493525,2.0,198.0,196.0,5.661016949152542,25.041396350227835,0.9830508474576272,0.8305084745762712,0.8833333333333333,81.71666666666667,451,375,396,285
sequential,SSTF,67.0,127.2,55.48026676215607,0.0,197.0,197.0,5.47457627118644,25.06016890402816,0.9830508474576272,0.8983050847457628,0.85,60.2,350,331,342,327
sequential,SSTF,118.0,87.78333333333333,58.538617358306496,2.0,198.0,196.0,7.220338983050848,24.85897020966658,0.9830508474576272,0.9830508474576272,0.9333333333333333,30.21666666666667,529,278,395,276
sequential,SSTF,173.0,120.0,34.56877203488721,62.0,179.0,117.0,2.3220338983050848,1.5991595034564166,1.0,0.864406779661017,0.8333333333333334,53.0,248,163,393,123
sequential,SSTF,172.0,103.26666666666667,58.417710404370425,0.0,196.0,196.0,6.288135593220339,24.982061935674675,0.9830508474576272,0.9830508474576272,0.8666666666666667,68.73333333333333,486,226,397,222
sequential,SSTF,17.0,92.63333333333334,53.303835592655886,0.0,192.0,192.0,7.135593220338983,24.352257840623835,0.9830508474576272,0.9830508474576272,0.8666666666666667,75.63333333333334,460,381,397,209
sequential,SSTF,71.0,95.58333333333333,17.298643170941343,65.0,127.0,62.0,2.2033898305084745,1.493257853662153,1.0,0.711864406779661,0.6833333333333333,24.58333333333333,136,262,396,68
sequential,SCAN,185.0,104.7,54.82344389036501,2.0,197.0,195.0,7.254237288135593,24.728761282922406,0.9830508474576272,0.9830508474576272,0.9,80.3,495,211,395,378
sequential,SCAN,8.0,113.01666666666667,34.59936977589171,55.0,173.0,118.0,2.6440677966101696,1.7149661444936901,1.0,0.7796610169491526,0.9333333333333333,105.01666666666667,203,165,165,165
sequential,SCAN,95.0,97.8,53.13874920118714,3.0,199.0,196.0,7.237288135593221,24.85301808432989,0.9830508474576272,0.9830508474576272,0.9333333333333333,2.799999999999997,448,300,394,300
sequential,SCAN,96.0,95.81666666666666,54.68134711418714,5.0,199.0,194.0,7.220338983050848,24.60471761062601,0.9830508474576272,0.9830508474576272,0.9,0.18333333333333712,474,297,393,297
sequential,SCAN,184.0,96.38333333333334,60.60035524281649,0.0,197.0,197.0,6.508474576271187,25.109504501625477,0.9830508474576272,0.8813559322033898,0.9166666666666666,87.61666666666666,441,214,397,381
sequential,SSTF,158.0,125.66666666666667,17.584715585479973,96.0,156.0,60.0,2.0,1.3276715950892297,1.0,0.711864406779661,0.75,32.33333333333333,180,144,396,62
sequential,SSTF,66.0,91.53333333333333,53.88087683853046,1.0,196.0,195.0,7.169491525423729,24.729144640620063,0.9830508474576272,0.9830508474576272,0.9333333333333333,25.53333333333333,441,331,396,260
sequential,SSTF,77.0,57.516666666666666,17.567481005792743,27.0,87.0,60.0,1.6779661016949152,1.1852294059014974,1.0,0.7627118644067796,0.6833333333333333,19.483333333333334,148,294,396,70
sequential,SCAN,104.0,118.35,67.33518768073644,2.0,199.0,197.0,5.576271186440678,25.191607016267362,0.9830508474576272,0.864406779661017,0.8166666666666667,14.349999999999994,344,292,332,292
sequential,SCAN,128.0,89.58333333333333,58.63369101653265,2.0,197.0,195.0,7.203389830508475,24.750127314185093,0.9830508474576272,0.9830508474576272,0.9166666666666666,38.41666666666667,539,268,395,323
sequential,SSTF,96.0,102.06666666666666,59.548822173257314,1.0,195.0,194.0,6.237288135593221,24.72104639813357,0.9830508474576272,0.9661016949152542,0.9,6.066666666666663,389,301,396,289
sequential,SSTF,139.0,93.51666666666667,17.649826879856043,65.0,123.0,58.0,1.6440677966101696,1.3624841702007724,1.0,0.7966101694915254,0.65,45.483333333333334,170,194,382,74
sequential,SSTF,8.0,97.76666666666667,52.72771777938262,0.0,196.0,196.0,7.271186440677966,24.85880842316214,0.9830508474576272,0.9830508474576272,0.9166666666666666,89.76666666666667,504,390,396,204
sequential,SSTF,9.0,87.1,60.08236014006108,3.0,197.0,194.0,7.186440677966102,24.618082493084458,0.9830508474576272,0.9830508474576272,0.9166666666666666,78.1,428,386,394,382
sequential,SCAN,53.0,93.41666666666667,17.357315140565056,62.0,125.0,63.0,2.0847457627118646,1.4413757034216474,1.0,0.711864406779661,0.6833333333333333,40.41666666666667,132,72,72,72
sequential,SCAN,161.0,134.0,34.455285032439754,76.0,193.0,117.0,2.5254237288135593,1.3821615618898382,1.0,0.8305084745762712,0.8833333333333333,27.0,234,161,395,202
sequential,SCAN,102.0,102.66666666666667,59.922635307721755,0.0,199.0,199.0,6.372881355932203,25.348351536068236,0.9830508474576272,0.9491525423728814,0.9666666666666667,0.6666666666666714,403,296,396,301
sequential,SCAN,177.0,125.85,34.65584366308228,67.0,186.0,119.0,2.2203389830508473,1.6780517012920475,1.0,0.8983050847457628,0.8,51.150000000000006,241,154,397,229
sequential,SCAN,44.0,113.56666666666666,17.263030505163982,84.0,144.0,60.0,1.6610169491525424,1.322685628144181,1.0,0.7457627118644068,0.7,69.56666666666666,138,100,100,100
sequential,SSTF,124.0,111.36666666666666,58.672528116279054,4.0,198.0,194.0,7.186440677966102,24.612574005894494,0.9830508474576272,0.9830508474576272,0.9,12.63333333333334,449,270,394,268
sequential,SCAN,185.0,109.06666666666666,54.106335632304244,0.0,199.0,199.0,6.3559322033898304,25.35294100003658,0.9830508474576272,0.9661016949152542,0.9333333333333333,75.93333333333334,528,213,396,384
sequential,SCAN,0.0,94.61666666666666,71.69892878480745,0.0,199.0,199.0,5.593220338983051,25.43793953124975,0.9830508474576272,0.864406779661017,0.9166666666666666,94.61666666666666,479,199,199,199
sequential,SSTF,72.0,95.95,59.10313725457671,2.0,198.0,196.0,6.372881355932203,24.837026968760576,0.9830508474576272,0.9322033898305084,0.9,23.950000000000003,456,324,397,266
sequential,SSTF,17.0,98.21666666666667,60.68143364233322,3.0,197.0,194.0,6.254237288135593,24.729446675832577,0.9830508474576272,0.9491525423728814,0.8666666666666667,81.21666666666667,476,378,395,214
sequential,SSTF,87.0,79.5,17.255433926737396,49.0,110.0,61.0,1.728813559322034,1.4241323076338988,1.0,0.7627118644067796,0.6833333333333333,7.5,140,262,396,84
sequential,SSTF,60.0,100.46666666666667,52.86664564942836,3.0,197.0,194.0,7.237288135593221,24.60559326178573,0.9830508474576272,0.9830508474576272,0.9333333333333333,40.46666666666667,454,335,394,253
sequential,SSTF,83.0,105.01666666666667,57.228341366455446,2.0,198.0,196.0,6.47457627118644,24.961228194062226,0.9830508474576272,0.8813559322033898,0.9666666666666667,22.016666666666666,417,313,396,277
sequential,SSTF,42.0,91.03333333333333,56.0921761230764,3.0,197.0,194.0,7.1525423728813555,24.624511392775908,0.9830508474576272,0.9830508474576272,0.9166666666666666,49.03333333333333,430,353,396,233
sequential,SSTF,140.0,115.18333333333334,34.78049820740864,57.0,174.0,117.0,2.389830508474576,1.5839978294855697,1.0,0.8305084745762712,0.8833333333333333,24.816666666666663,224,201,397,200
sequential,SCAN,111.0,109.3,70.53847649805506,1.0,199.0,198.0,5.491525423728813,25.331278234528877,0.9830508474576272,0.9152542372881356,0.8333333333333334,1.7000000000000028,340,286,334,286
sequential,SCAN,180.0,96.25,59.377219256771085,3.0,199.0,196.0,6.338983050847458,24.95868461976443,0.9830508474576272,0.9661016949152542,0.9333333333333333,83.75,404,215,394,215
sequential,SCAN,51.0,146.2,17.324164241505756,116.0,175.0,59.0,1.7457627118644068,1.3972517861372846,1.0,0.7966101694915254,0.65,95.19999999999999,168,124,124,124
sequential,SCAN,124.0,101.01666666666667,72.0928779808072,0.0,199.0,199.0,5.52542372881356,25.191709648016055,0.9830508474576272,0.8813559322033898,0.8333333333333334,22.983333333333334,341,274,329,274
sequential,SSTF,66.0,97.83333333333333,60.36449471520674,1.0,199.0,198.0,6.3559322033898304,25.245749910386426,0.9830508474576272,0.9661016949152542,0.8833333333333333,31.83333333333333,447,331,395,263
sequential,SSTF,89.0,90.81666666666666,53.91922714167513,0.0,193.0,193.0,7.186440677966102,24.48069081795788,0.9830508474576272,0.9830508474576272,0.95,1.8166666666666629,469,309,394,297
sequential,SSTF,117.0,97.7,60.69604599971896,2.0,198.0,196.0,6.254237288135593,24.97903746251773,0.9830508474576272,0.9661016949152542,0.9666666666666667,19.299999999999997,379,279,383,277
sequential,SSTF,2.0,100.91666666666667,53.76563080217283,1.0,194.0,193.0,7.203389830508475,24.454578900218568,0.9830508474576272,0.9830508474576272,0.95,98.91666666666667,525,395,397,194
sequential,SCAN,65.0,160.45,17.23893364838247,132.0,191.0,59.0,1.3898305084745763,1.248958198436647,1.0,0.8813559322033898,0.6666666666666666,95.44999999999999,150,126,126,126
sequential,SCAN,147.0,126.06666666666666,59.65675895394326,3.0,198.0,195.0,5.5423728813559325,24.931310403531352,0.9830508474576272,0.864406779661017,0.8833333333333333,20.933333333333337,370,248,397,332
sequential,SCAN,115.0,136.3,41.267945591382826,0.0,197.0,197.0,5.593220338983051,25.06338990157218,0.9830508474576272,0.8305084745762712,0.8166666666666667,21.30000000000001,359,283,397,339
sequential,SCAN,169.0,107.5,56.618754254516524,2.0,194.0,192.0,7.1525423728813555,24.353897512406814,0.9830508474576272,0.9830508474576272,0.9,61.5,456,227,396,359
sequential,SSTF,91.0,102.85,58.71650108785434,1.0,195.0,194.0,6.254237288135593,24.72396300054199,0.9830508474576272,0.9830508474576272,0.9333333333333333,11.849999999999994,401,306,397,284
sequential,SSTF,99.0,96.36666666666666,60.1423219446081,1.0,199.0,198.0,6.423728813559322,25.215816525448908,0.9830508474576272,0.9322033898305084,0.9166666666666666,2.63333333333334,417,298,397,296
sequential,SSTF,4.0,93.1,54.4422323813661,1.0,199.0,198.0,7.322033898305085,25.119673347470037,0.9830508474576272,0.9830508474576272,0.95,89.1,474,393,395,201
sequential,SCAN,36.0,111.53333333333333,53.79729443837198,2.0,199.0,197.0,6.3559322033898304,25.087482672497476,0.9830508474576272,0.9661016949152542,0.9666666666666667,75.53333333333333,379,360,397,368
sequential,SCAN,37.0,106.15,53.82806733789848,5.0,199.0,194.0,7.237288135593221,24.586987727803244,0.9830508474576272,0.9830508474576272,0.95,69.15,497,356,391,356
sequential,SSTF,32.0,89.2,60.18604489414469,6.0,199.0,193.0,7.169491525423729,24.481160201800066,0.9830508474576272,0.9830508474576272,0.95,57.2,447,360,396,219
sequential,SSTF,121.0,97.28333333333333,53.33575775739532,3.0,196.0,193.0,7.11864406779661,24.498415545972406,0.9830508474576272,0.9830508474576272,0.8666666666666667,23.71666666666667,474,274,397,270
sequential,SSTF,113.0,85.1,59.257826487308826,1.0,195.0,194.0,7.203389830508475,24.59487314704466,0.9830508474576272,0.9830508474576272,0.95,27.900000000000006,532,284,397,278
sequential,SCAN,182.0,102.58333333333333,59.951172261729425,1.0,197.0,196.0,6.305084745762712,24.986270289079155,0.9830508474576272,0.9491525423728814,0.9,79.41666666666667,474,215,396,377
sequential,SSTF,62.0,96.08333333333333,53.63248134811176,4.0,196.0,192.0,7.11864406779661,24.363131875266305,0.9830508474576272,0.9830508474576272,0.8833333333333333,34.08333333333333,426,332,392,326
sequential,SSTF,105.0,76.01666666666667,34.99451941217208,16.0,133.0,117.0,2.4915254237288136,1.7405715149071515,1.0,0.8305084745762712,0.8833333333333333,28.983333333333334,236,277,395,145
sequential,SCAN,0.0,81.3,17.46071781647784,53.0,112.0,59.0,1.7457627118644068,1.2567542313163815,1.0,0.7796610169491526,0.6833333333333333,81.3,156,112,112,112
sequential,SCAN,163.0,118.85,64.75951024109638,0.0,198.0,198.0,5.694915254237288,25.298391613166977,0.9830508474576272,0.8305084745762712,0.9166666666666666,44.150000000000006,389,235,396,339
sequential,SSTF,149.0,166.65,17.426823194910387,136.0,197.0,61.0,1.9491525423728813,1.4072900850608183,1.0,0.711864406779661,0.7166666666666667,17.650000000000006,126,113,397,111
sequential,SCAN,194.0,114.5,66.6767075771842,0.0,196.0,196.0,5.677966101694915,25.035866257293517,0.9830508474576272,0.847457627118644,0.8666666666666667,79.5,418,204,397,390
sequential,SCAN,160.0,106.41666666666667,56.84314431446905,1.0,197.0,196.0,6.288135593220339,24.98613232151775,0.9830508474576272,0.9661016949152542,0.9,53.58333333333333,482,237,396,355
sequential,SCAN,117.0,119.78333333333333,65.68766796151483,2.0,199.0,197.0,5.593220338983051,25.05121441899983,0.9830508474576272,0.8813559322033898,0.85,2.7833333333333314,335,279,397,289
sequential,SCAN,69.0,126.4,17.58142959678384,98.0,156.0,58.0,1.8305084745762712,1.277610884409678,1.0,0.7288135593220338,0.6833333333333333,57.400000000000006,138,87,87,87
sequential,SSTF,2.0,140.78333333333333,69.29985369553259,0.0,199.0,199.0,11.915254237288135,43.09362615011496,0.9491525423728814,0.711864406779661,0.7166666666666667,138.78333333333333,854,396,397,201
sequential,SCAN,98.0,131.48333333333332,53.315879956684164,2.0,199.0,197.0,5.661016949152542,25.044780348300677,0.9830508474576272,0.847457627118644,0.8666666666666667,33.48333333333332,337,298,395,298
sequential,SSTF,110.0,91.55,55.17530395626895,2.0,198.0,196.0,7.271186440677966,24.861535540666356,0.9830508474576272,0.9830508474576272,0.8333333333333334,18.450000000000003,504,286,394,284
sequential,SCAN,8.0,95.86666666666666,34.43760864068364,36.0,155.0,119.0,2.305084745762712,1.6182668830210187,1.0,0.8983050847457628,0.85,87.86666666666666,164,147,147,147
sequential,SCAN,146.0,87.81666666666666,58.98488271488627,3.0,196.0,193.0,7.169491525423729,24.47077298022946,0.9830508474576272,0.9830508474576272,0.9666666666666667,58.18333333333334,558,249,393,336
sequential,SCAN,199.0,100.35,53.410306433621344,0.0,195.0,195.0,7.220338983050848,24.72634483094195,0.9830508474576272,0.9830508474576272,0.9166666666666666,98.65,522,199,394,199
sequential,SCAN,159.0,104.56666666666666,54.09509117183267,2.0,197.0,195.0,7.254237288135593,24.735614357412068,0.9830508474576272,0.9830508474576272,0.8666666666666667,54.43333333333334,476,237,396,352
sequential,SSTF,155.0,70.61666666666666,17.334062484663605,41.0,101.0,60.0,1.6440677966101696,1.1898256796463895,1.0,0.7627118644067796,0.7,84.38333333333334,210,202,344,114
sequential,SCAN,89.0,128.41666666666666,58.39100720335472,4.0,199.0,195.0,5.47457627118644,24.930653606097724,0.9830508474576272,0.8813559322033898,0.8666666666666667,39.41666666666666,336,305,330,305
sequential,SSTF,103.0,105.63333333333334,17.18814190720516,77.0,135.0,58.0,1.847457627118644,1.399922023518936,1.0,0.7457627118644068,0.6166666666666667,2.63333333333334,134,218,395,90
sequential,SSTF,147.0,54.483333333333334,17.376700556268506,25.0,85.0,60.0,1.9830508474576272,1.4554575892222712,1.0,0.7288135593220338,0.7,92.51666666666667,238,226,336,122
sequential,SSTF,137.0,129.6,52.97049493192728,2.0,196.0,194.0,5.559322033898305,24.804504229047524,0.9830508474576272,0.8135593220338984,0.8333333333333334,7.400000000000006,372,259,397,257
sequential,SCAN,4.0,118.45,17.497071183486682,88.0,148.0,60.0,1.8983050847457628,1.3237711315096024,1.0,0.6949152542372882,0.7,114.45,196,144,144,144
sequential,SSTF,28.0,100.28333333333333,52.99373914802472,2.0,195.0,193.0,7.1525423728813555,24.50168694249164,0.9830508474576272,0.9830508474576272,0.9,72.28333333333333,481,368,397,219
sequential,SSTF,14.0,98.33333333333333,71.60439154750838,3.0,199.0,196.0,5.576271186440678,25.048565295922334,0.9830508474576272,0.864406779661017,0.8166666666666667,84.33333333333333,460,381,395,305
sequential,SCAN,67.0,112.38333333333334,17.263730445326377,81.0,142.0,61.0,1.8983050847457628,1.6228758242150267,1.0,0.6949152542372882,0.7166666666666667,45.38333333333334,126,75,75,75
sequential,SCAN,121.0,86.35,57.967469325475996,1.0,195.0,194.0,7.169491525423729,24.613040874653944,0.9830508474576272,0.9830508474576272,0.9333333333333333,34.650000000000006,529,276,395,314
sequential,SCAN,132.0,87.08333333333333,59.129601065982364,3.0,197.0,194.0,7.220338983050848,24.600584116401407,0.9830508474576272,0.9830508474576272,0.95,44.91666666666667,549,263,394,325
sequential,SSTF,67.0,73.75,34.767142054915396,13.0,132.0,119.0,2.23728813559322,1.9075139828960577,1.0,0.8983050847457628,0.75,6.75,186,318,394,184
sequential,SSTF,41.0,130.51666666666668,53.41082651381543,0.0,198.0,198.0,5.593220338983051,25.30968773057556,0.9830508474576272,0.864406779661017,0.8333333333333334,89.51666666666668,383,357,369,239
sequential,SSTF,122.0,72.63333333333334,17.291584337153402,42.0,102.0,60.0,1.88135593220339,1.2633657731243542,1.0,0.7627118644067796,0.7166666666666667,49.36666666666666,191,234,378,80
sequential,SSTF,26.0,113.86666666666666,67.3939825866441,1.0,195.0,194.0,5.305084745762712,24.83249254524739,0.9830508474576272,0.9322033898305084,0.75,87.86666666666666,401,371,397,219
sequential,SCAN,10.0,134.38333333333333,17.34655745545944,104.0,164.0,60.0,1.9152542372881356,1.4056560757027343,1.0,0.711864406779661,0.7166666666666667,124.38333333333333,207,154,154,154
sequential,SCAN,68.0,123.4,61.161044246589945,2.0,199.0,197.0,5.593220338983051,25.17607058910073,0.9830508474576272,0.847457627118644,0.9166666666666666,55.400000000000006,366,328,354,328
sequential,SCAN,144.0,103.55,51.69378589347079,16.0,191.0,175.0,3.0,1.9397710855682895,1.0,0.9830508474576272,0.8166666666666667,40.45,305,238,396,303
sequential,SSTF,15.0,107.4,57.75182536797718,5.0,199.0,194.0,6.305084745762712,24.589686578111714,0.9830508474576272,0.8813559322033898,0.9166666666666666,92.4,417,378,396,204
sequential,SCAN,112.0,154.18333333333334,17.66681603710439,123.0,186.0,63.0,1.8135593220338984,1.3337163100275256,1.0,0.7627118644067796,0.5833333333333334,42.18333333333334,118,74,74,74
sequential,SSTF,74.0,116.11666666666666,67.42751457841392,0.0,199.0,199.0,12.084745762711865,42.678652678205395,0.9491525423728814,0.864406779661017,0.8333333333333334,42.11666666666666,757,324,361,273
sequential,SSTF,159.0,57.63333333333333,17.23655675849701,27.0,88.0,61.0,1.88135593220339,1.354024081135678,1.0,0.711864406779661,0.6833333333333333,101.36666666666667,241,212,327,132
sequential,SSTF,57.0,90.33333333333333,71.01611710653356,1.0,195.0,194.0,5.423728813559322,24.80582448677792,0.9830508474576272,0.9322033898305084,0.8666666666666667,33.33333333333333,414,340,396,250
sequential,SSTF,191.0,99.41666666666667,60.50269736870323,0.0,196.0,196.0,6.322033898305085,24.846266764535155,0.9830508474576272,0.9152542372881356,0.9333333333333333,91.58333333333333,463,207,394,201
sequential,SCAN,169.0,154.66666666666666,17.43145305347651,125.0,186.0,61.0,1.847457627118644,1.470772416943501,1.0,0.7627118644067796,0.65,14.333333333333343,153,104,397,105
sequential,SSTF,99.0,84.95,34.75026378796761,24.0,144.0,120.0,2.4745762711864407,1.6297647974570328,1.0,0.847457627118644,0.8333333333333334,14.049999999999997,221,275,396,195
sequential,SCAN,6.0,131.65,17.617060859670474,102.0,162.0,60.0,1.7966101694915255,1.515788780699076,1.0,0.7627118644067796,0.6333333333333333,125.65,204,156,156,156
sequential,SSTF,111.0,130.11666666666667,34.91231476459592,70.0,188.0,118.0,2.406779661016949,1.6063290507387777,1.0,0.8813559322033898,0.8333333333333334,19.116666666666674,183,217,396,161
sequential,SSTF,94.0,86.11666666666666,58.634771159175585,1.0,195.0,194.0,7.169491525423729,24.59857550124816,0.9830508474576272,0.9830508474576272,0.9333333333333333,7.88333333333334,504,303,397,287
sequential,SCAN,168.0,161.7,40.1253452736962,0.0,198.0,198.0,4.966101694915254,24.97454032538406,0.9830508474576272,0.7627118644067796,0.7166666666666667,6.300000000000011,319,230,397,280
sequential,SSTF,107.0,107.53333333333333,54.850240554521626,4.0,198.0,194.0,7.1525423728813555,24.62657621855309,0.9830508474576272,0.9830508474576272,0.85,0.5333333333333314,439,287,392,285
sequential,SCAN,160.0,115.28333333333333,34.821014568153466,56.0,174.0,118.0,2.152542372881356,1.6241144582905072,1.0,0.9322033898305084,0.8333333333333334,44.71666666666667,230,182,395,222
sequential,SSTF,100.0,98.93333333333334,34.78834415273152,40.0,159.0,119.0,2.4237288135593222,1.729145863709403,1.0,0.847457627118644,0.8,1.0666666666666629,203,258,397,179
sequential,SCAN,165.0,133.31666666666666,34.52510761106409,75.0,191.0,116.0,2.2711864406779663,1.5051381880876828,1.0,0.864406779661017,0.9,31.683333333333337,224,158,397,206
sequential,FCFS,62.0,110.78333333333333,34.68721746631683,51.0,169.0,118.0,2.305084745762712,1.7969299363659081,1.0,0.8983050847457628,0.7833333333333333,48.78333333333333,147,285,395,225
sequential,SSTF,64.0,98.68333333333334,53.17564971133143,2.0,198.0,196.0,7.203389830508475,24.8540005721665,0.9830508474576272,0.9830508474576272,0.95,34.68333333333334,433,332,396,260
sequential,SSTF,95.0,89.65,34.7672379307493,29.0,151.0,122.0,2.6440677966101696,1.7248209129774308,1.0,0.7966101694915254,0.85,5.349999999999994,222,274,397,188
sequential,SCAN,90.0,101.15,53.49916666017643,1.0,195.0,194.0,7.186440677966102,24.61945942230416,0.9830508474576272,0.9830508474576272,0.9166666666666666,11.150000000000006,434,307,395,307
sequential,SCAN,60.0,146.76666666666668,17.829158389808786,118.0,176.0,58.0,1.5593220338983051,1.1828031404995187,1.0,0.7966101694915254,0.7333333333333333,86.76666666666668,150,116,116,116
sequential,SSTF,59.0,91.23333333333333,34.823060686211306,32.0,152.0,120.0,2.2711864406779663,1.6346928232107778,1.0,0.8983050847457628,0.8166666666666667,32.233333333333334,161,307,396,147
sequential,SCAN,184.0,114.15,69.49408248189194,3.0,199.0,196.0,5.440677966101695,25.07498664949924,0.9830508474576272,0.864406779661017,0.8166666666666667,69.85,379,211,396,329
sequential,SCAN,183.0,108.1,53.97582792324727,5.0,199.0,194.0,7.186440677966102,24.601553331330066,0.9830508474576272,0.9830508474576272,0.9333333333333333,74.9,490,210,395,210
sequential,SSTF,36.0,97.78333333333333,53.60382189939652,6.0,198.0,192.0,7.169491525423729,24.394464878135903,0.9830508474576272,0.9830508474576272,0.9,61.78333333333333,445,356,396,222
sequential,SCAN,100.0,126.61666666666666,78.70728294693501,0.0,199.0,199.0,11.847457627118644,43.335042210281145,0.9491525423728814,0.7457627118644068,0.6166666666666667,26.61666666666666,756,298,314,298
sequential,SSTF,82.0,76.65,17.34630123878479,46.0,106.0,60.0,2.0677966101694913,1.3001226380179733,1.0,0.7457627118644068,0.75,5.349999999999994,158,270,397,86
sequential,SCAN,59.0,148.36666666666667,17.541347978102735,117.0,180.0,63.0,1.6440677966101696,1.2724287714659972,1.0,0.7966101694915254,0.6666666666666666,89.36666666666667,155,121,121,121
sequential,SCAN,117.0,100.98333333333333,60.58533696824303,6.0,199.0,193.0,6.169491525423729,24.613040874653944,0.9830508474576272,0.9661016949152542,0.9166666666666666,16.016666666666666,377,275,387,304
sequential,SSTF,35.0,98.75,52.792242169975445,1.0,196.0,195.0,7.169491525423729,24.735997608900984,0.9830508474576272,0.9830508474576272,0.9166666666666666,63.75,471,362,397,229
sequential,SSTF,119.0,95.03333333333333,17.51186899093171,64.0,125.0,61.0,1.9661016949152543,1.3399481610882962,1.0,0.7288135593220338,0.6833333333333333,23.96666666666667,171,215,397,116
sequential,SSTF,15.0,93.05,55.60887968661121,3.0,197.0,194.0,7.254237288135593,24.59129873696818,0.9830508474576272,0.9830508474576272,0.9166666666666666,78.05,446,380,395,376
sequential,SCAN,115.0,100.68333333333334,60.93890155083387,3.0,198.0,195.0,6.322033898305085,24.586368469282434,0.9830508474576272,0.9152542372881356,0.9333333333333333,14.316666666666663,381,280,396,294
sequential,SSTF,168.0,101.6,53.427271438220885,2.0,196.0,194.0,7.237288135593221,24.588366398305453,0.9830508474576272,0.9830508474576272,0.9166666666666666,66.4,497,228,392,222
sequential,SSTF,27.0,90.83333333333333,56.94973417165547,3.0,198.0,195.0,7.237288135593221,24.727216174984914,0.9830508474576272,0.9830508474576272,0.9333333333333333,63.83333333333333,429,368,396,366
sequential,SCAN,124.0,150.73333333333332,59.417131835486266,0.0,199.0,199.0,5.084745762711864,25.368663530863092,0.9830508474576272,0.6949152542372882,0.7,26.73333333333332,324,274,280,274
sequential,SCAN,92.0,142.78333333333333,17.39069834391043,113.0,173.0,60.0,1.5932203389830508,1.2367075489460813,1.0,0.864406779661017,0.7166666666666667,50.78333333333333,115,81,81,81
sequential,SSTF,26.0,95.36666666666666,52.739601397389755,0.0,193.0,193.0,7.169491525423729,24.492235049246837,0.9830508474576272,0.9830508474576272,0.8833333333333333,69.36666666666666,467,372,394,360
sequential,SSTF,157.0,158.66666666666666,17.548662500474375,128.0,189.0,61.0,1.6440677966101696,1.21798265920147,1.0,0.7627118644067796,0.6833333333333333,1.6666666666666572,126,113,397,90
sequential,SSTF,20.0,127.03333333333333,55.22800215671596,1.0,195.0,194.0,5.440677966101695,24.814068717564695,0.9830508474576272,0.8813559322033898,0.8333333333333334,107.03333333333333,398,377,390,213
sequential,SCAN,158.0,102.78333333333333,60.30646501182292,2.0,199.0,197.0,6.406779661016949,25.082317793629105,0.9830508474576272,0.9322033898305084,0.95,55.21666666666667,435,238,396,353
sequential,SSTF,35.0,95.33333333333333,54.222893893836236,2.0,199.0,197.0,7.254237288135593,24.98175145529638,0.9830508474576272,0.9830508474576272,0.9333333333333333,60.33333333333333,445,361,397,230
sequential,SSTF,161.0,142.38333333333333,17.425165390574886,111.0,171.0,60.0,1.8644067796610169,1.346151162824731,1.0,0.7288135593220338,0.75,18.616666666666674,160,126,397,110
sequential,SCAN,142.0,93.9,34.5454772727198,36.0,151.0,115.0,2.3559322033898304,1.5812750901275394,1.0,0.8305084745762712,0.8833333333333333,48.099999999999994,245,220,397,221
sequential,SSTF,17.0,107.83333333333333,56.21926320715664,1.0,196.0,195.0,7.220338983050848,24.734569095896266,0.9830508474576272,0.9830508474576272,0.8833333333333333,90.83333333333333,540,380,395,211
sequential,SCAN,92.0,159.96666666666667,45.16228761059632,0.0,199.0,199.0,11.728813559322035,43.05370336183206,0.9491525423728814,0.7288135593220338,0.65,67.96666666666667,746,306,310,306
sequential,SCAN,148.0,86.66666666666667,60.85711863774762,3.0,199.0,196.0,7.220338983050848,24.879416171559026,0.9830508474576272,0.9830508474576272,0.8666666666666667,61.33333333333333,571,247,394,247
sequential,SSTF,103.0,134.55,41.104511106852165,0.0,194.0,194.0,5.593220338983051,24.792097322118934,0.9830508474576272,0.8305084745762712,0.8666666666666667,31.55000000000001,353,295,396,285
sequential,SCAN,64.0,138.38333333333333,17.315784385608666,108.0,168.0,60.0,1.88135593220339,1.2085114216932804,1.0,0.7627118644067796,0.6666666666666666,74.38333333333333,155,104,104,104
sequential,FCFS,97.0,100.35,51.84940533249473,12.0,188.0,176.0,3.0677966101694913,1.8763867800810914,1.0,0.9491525423728814,0.95,3.3499999999999943,266,289,395,267
sequential,SSTF,110.0,34.25,17.2922188666849,5.0,62.0,57.0,1.88135593220339,1.4738942510040451,1.0,0.6949152542372882,0.65,75.75,214,283,350,105
sequential,SSTF,115.0,100.18333333333334,34.2804568555062,40.0,157.0,117.0,2.3559322033898304,1.504374546136911,1.0,0.8305084745762712,0.9166666666666666,14.816666666666663,214,243,395,159
sequential,SCAN,171.0,108.43333333333334,55.06461860598166,4.0,198.0,194.0,7.135593220338983,24.625642985406483,0.9830508474576272,0.9830508474576272,0.8833333333333333,62.56666666666666,463,223,397,361
sequential,SSTF,117.0,96.5,60.58533926069354,0.0,196.0,196.0,6.322033898305085,24.963322707705007,0.9830508474576272,0.9491525423728814,0.9333333333333333,20.5,377,281,379,275
sequential,SCAN,173.0,97.7,60.539876665439834,0.0,196.0,196.0,6.406779661016949,24.988891528015174,0.9830508474576272,0.9322033898305084,0.8666666666666667,75.3,444,225,396,369
sequential,SCAN,129.0,101.03333333333333,71.72260607522723,1.0,199.0,198.0,5.4576271186440675,25.33057510297388,0.9830508474576272,0.9491525423728814,0.8,27.96666666666667,335,268,331,268
sequential,SSTF,92.0,103.61666666666666,56.94473685561779,0.0,197.0,197.0,6.338983050847458,25.100212822037534,0.9830508474576272,0.9491525423728814,0.9666666666666667,11.61666666666666,416,306,395,302
sequential,SSTF,73.0,104.7,60.181198614406696,3.0,199.0,196.0,6.305084745762712,24.98016449531822,0.9830508474576272,0.9661016949152542,0.95,31.700000000000003,384,322,388,266
sequential,SCAN,117.0,93.13333333333334,51.88560065717227,3.0,182.0,179.0,3.0677966101694913,1.8399005756083946,1.0,0.9830508474576272,0.8833333333333333,23.86666666666666,295,278,395,299
sequential,SSTF,49.0,142.26666666666668,68.8812666034016,2.0,199.0,197.0,12.0,42.84144991137058,0.9491525423728814,0.711864406779661,0.6166666666666667,93.26666666666668,813,347,359,244
sequential,SCAN,144.0,101.86666666666666,60.3720317880906,2.0,198.0,196.0,6.322033898305085,24.9606067111495,0.9830508474576272,0.9322033898305084,0.9166666666666666,42.13333333333334,428,252,396,338
sequential,SSTF,192.0,109.43333333333334,57.97624992663423,2.0,195.0,193.0,7.11864406779661,24.4755739502743,0.9830508474576272,0.9830508474576272,0.9333333333333333,82.56666666666666,467,204,397,198
sequential,SSTF,161.0,145.45,17.165299298293636,115.0,173.0,58.0,1.847457627118644,1.4822516006152844,1.0,0.7457627118644068,0.6666666666666666,15.550000000000011,152,122,397,104
sequential,SSTF,63.0,100.65,53.123699984093726,2.0,197.0,195.0,7.271186440677966,24.752901222510094,0.9830508474576272,0.9830508474576272,0.85,37.650000000000006,461,333,395,256
sequential,SSTF,59.0,87.96666666666667,61.2856608206375,2.0,198.0,196.0,7.084745762711864,24.499939906943403,0.9830508474576272,0.9830508474576272,0.95,28.96666666666667,475,337,397,253
sequential,SCAN,122.0,92.21666666666667,57.05847633982371,5.0,198.0,193.0,7.135593220338983,24.497289803138166,0.9830508474576272,0.9830508474576272,0.9,29.78333333333333,517,271,397,271
sequential,SSTF,84.0,106.06666666666666,53.713706092786246,2.0,198.0,196.0,7.305084745762712,24.84341077410916,0.9830508474576272,0.9830508474576272,0.9,22.066666666666663,453,312,395,280
sequential,SCAN,159.0,95.75,53.70618369114181,0.0,197.0,197.0,7.288135593220339,24.98341880464031,0.9830508474576272,0.9830508474576272,1.0,63.25,526,239,395,358
sequential,SSTF,108.0,108.91666666666667,70.89717711039151,0.0,198.0,198.0,5.627118644067797,25.30284254486698,0.9830508474576272,0.8813559322033898,0.8833333333333333,0.9166666666666714,353,290,339,288
sequential,SCAN,69.0,136.06666666666666,34.36173582473518,75.0,197.0,122.0,2.4745762711864407,1.907664578086984,1.0,0.847457627118644,0.8166666666666667,67.06666666666666,152,128,128,128
sequential,SSTF,6.0,111.86666666666666,59.394855744322584,1.0,196.0,195.0,7.220338983050848,24.741420561691967,0.9830508474576272,0.9830508474576272,0.9333333333333333,105.86666666666666,573,391,396,200
sequential,SSTF,55.0,97.36666666666666,52.88949696195729,0.0,193.0,193.0,7.084745762711864,24.50893170682761,0.9830508474576272,0.9830508474576272,0.8333333333333334,42.36666666666666,444,343,393,331
sequential,SCAN,173.0,102.3,61.04077871936651,4.0,199.0,195.0,6.288135593220339,24.842589760641154,0.9830508474576272,0.9322033898305084,0.9166666666666666,70.7,440,221,394,221
sequential,SSTF,66.0,95.73333333333333,53.03013818156196,1.0,196.0,195.0,7.220338983050848,24.74142056169197,0.9830508474576272,0.9830508474576272,0.9166666666666666,29.733333333333334,431,331,397,327
sequential,SCAN,151.0,103.2,71.75486046254984,2.0,197.0,195.0,5.661016949152542,24.784228288312104,0.9830508474576272,0.8305084745762712,0.85,47.8,353,245,396,279
sequential,SCAN,114.0,106.7,54.44884449340195,4.0,199.0,195.0,7.220338983050848,24.728401153610882,0.9830508474576272,0.9830508474576272,0.95,7.299999999999997,429,280,396,305
sequential,SSTF,1.0,107.23333333333333,55.81468345237558,0.0,196.0,196.0,6.254237288135593,24.977001774404584,0.9830508474576272,0.9830508474576272,0.9666666666666667,106.23333333333333,409,397,397,197
sequential,SCAN,31.0,167.38333333333333,17.517697400692313,137.0,198.0,61.0,1.8135593220338984,1.3588950679883016,1.0,0.711864406779661,0.6833333333333333,136.38333333333333,213,167,167,167
sequential,SCAN,126.0,100.05,60.30489891653359,3.0,199.0,196.0,6.389830508474576,24.971860060606755,0.9830508474576272,0.9152542372881356,0.9166666666666666,25.950000000000003,389,269,387,319
sequential,SSTF,100.0,96.4,52.18850448135107,9.0,187.0,178.0,3.0847457627118646,1.8437998309793104,1.0,0.9661016949152542,0.8833333333333333,3.5999999999999943,273,289,397,269
sequential,SCAN,195.0,98.43333333333334,60.458626808384885,2.0,199.0,197.0,6.372881355932203,25.096355535999912,0.9830508474576272,0.9322033898305084,0.9166666666666666,96.56666666666666,442,201,395,201
sequential,SSTF,117.0,70.85,34.52140640240487,13.0,128.0,115.0,2.4237288135593222,1.4166490639977536,1.0,0.8135593220338984,0.95,46.150000000000006,247,268,395,126
sequential,SCAN,164.0,118.96666666666667,65.71807632269493,1.0,199.0,198.0,5.576271186440678,25.188915634495107,0.9830508474576272,0.8305084745762712,0.9,45.03333333333333,378,233,397,331
sequential,SCAN,197.0,97.43333333333334,72.15524158984495,1.0,199.0,198.0,5.593220338983051,25.319730796268715,0.9830508474576272,0.8813559322033898,0.8333333333333334,99.56666666666666,382,200,394,200
sequential,SCAN,41.0,88.43333333333334,17.277506250099353,58.0,118.0,60.0,2.0,1.2755856082865613,1.0,0.7288135593220338,0.6666666666666666,47.43333333333334,137,77,77,77
sequential,SCAN,13.0,159.33333333333334,17.18009183780912,131.0,189.0,58.0,1.7457627118644068,1.3224684205512651,1.0,0.7627118644067796,0.6666666666666666,146.33333333333334,222,176,176,176
sequential,SCAN,171.0,95.0,71.63890935332093,0.0,197.0,197.0,5.677966101694915,25.166187079779167,0.9830508474576272,0.864406779661017,0.9166666666666666,76.0,362,227,397,277
sequential,SSTF,141.0,153.1,56.36922919465903,0.0,198.0,198.0,11.711864406779661,42.97853261822131,0.9491525423728814,0.7966101694915254,0.6833333333333333,12.099999999999994,695,257,263,255
sequential,SSTF,56.0,47.56666666666667,17.550276984202338,18.0,77.0,59.0,1.7118644067796611,1.0900295044619341,1.0,0.7796610169491526,0.6666666666666666,8.43333333333333,139,324,394,80
sequential,SSTF,85.0,103.35,53.482029692224664,2.0,196.0,194.0,7.135593220338983,24.62013618979435,0.9830508474576272,0.9830508474576272,0.95,18.349999999999994,440,311,395,279
sequential,SCAN,122.0,166.1,27.518296943427778,0.0,199.0,199.0,8.559322033898304,35.601976324137254,0.9661016949152542,0.7457627118644068,0.7333333333333333,44.099999999999994,522,276,276,276
sequential,SSTF,30.0,136.28333333333333,37.8897926741344,0.0,195.0,195.0,5.508474576271187,24.925225722831463,0.9830508474576272,0.8983050847457628,0.8833333333333333,106.28333333333333,374,368,368,225
sequential,SCAN,168.0,104.6,53.23726764839333,6.0,198.0,192.0,7.135593220338983,24.374519640373165,0.9830508474576272,0.9830508474576272,0.8833333333333333,63.400000000000006,491,224,394,354
sequential,SSTF,186.0,65.11666666666666,34.676164564278,6.0,124.0,118.0,2.2203389830508473,1.737598153405329,1.0,0.8813559322033898,0.7833333333333333,120.88333333333334,310,206,336,180
sequential,SCAN,139.0,114.98333333333333,34.47486604598905,55.0,176.0,121.0,2.2542372881355934,1.5578474973662453,1.0,0.9322033898305084,0.85,24.016666666666666,217,204,396,205
sequential,SCAN,4.0,97.16666666666667,59.73892272956459,0.0,199.0,199.0,6.440677966101695,25.349269495335395,0.9830508474576272,0.9322033898305084,0.9333333333333333,93.16666666666667,520,394,394,394
sequential,SSTF,148.0,104.0,53.622445549104405,1.0,198.0,197.0,7.254237288135593,24.96817854134554,0.9830508474576272,0.9830508474576272,0.8833333333333333,44.0,469,249,392,247
sequential,SSTF,95.0,93.65,54.09215130990201,2.0,197.0,195.0,7.203389830508475,24.738482792643744,0.9830508474576272,0.9830508474576272,0.95,1.3499999999999943,472,301,394,297
sequential,SSTF,133.0,137.15,34.79886252930307,78.0,198.0,120.0,2.2033898305084745,1.6132886826157005,1.0,0.9322033898305084,0.8166666666666667,4.150000000000006,185,187,395,175
sequential,SSTF,52.0,97.53333333333333,60.66368124522466,1.0,195.0,194.0,6.186440677966102,24.735533060878293,0.9830508474576272,0.9661016949152542,0.9,45.53333333333333,424,345,397,245
random,SSTF,47.0,94.61666666666666,60.72371630773451,2.0,195.0,193.0,68.61016949152543,51.796870839702585,0.0847457627118644,0.4915254237288136,0.8333333333333334,47.61666666666666,4084,349,391,341
random,SSTF,153.0,95.8,59.53060837362015,0.0,197.0,197.0,62.0,46.26159955319681,0.1016949152542373,0.4745762711864407,0.95,57.2,3726,245,393,241
random,SSTF,27.0,90.96666666666667,53.16952970347667,0.0,190.0,190.0,60.66101694915254,43.91502201169718,0.11864406779661017,0.4745762711864407,0.95,63.96666666666667,3704,371,392,353
random,SCAN,163.0,104.66666666666667,59.661172931443076,0.0,198.0,198.0,59.49152542372882,52.024561631284506,0.11864406779661017,0.4915254237288136,0.9166666666666666,58.33333333333333,3540,235,397,367
random,SCAN,113.0,96.85,59.617621835606066,0.0,197.0,197.0,69.08474576271186,45.08872162920238,0.06779661016949153,0.4745762711864407,0.8666666666666667,16.150000000000006,4092,285,395,310
random,SCAN,169.0,110.05,49.951785086554544,13.0,194.0,181.0,55.186440677966104,44.27627997796516,0.1694915254237288,0.4745762711864407,0.8166666666666667,58.95,3380,216,397,349
random,SCAN,114.0,103.43333333333334,56.38657247568392,5.0,198.0,193.0,69.11864406779661,49.65579309599189,0.11864406779661017,0.5423728813559322,0.8666666666666667,10.566666666666663,4140,279,395,289
random,SSTF,41.0,107.3,56.2599028320052,1.0,197.0,196.0,61.11864406779661,44.76684788264513,0.1016949152542373,0.5254237288135594,0.8833333333333333,66.3,3635,356,394,240
random,SCAN,121.0,96.15,53.69476231440083,0.0,198.0,198.0,59.067796610169495,46.00547661089841,0.11864406779661017,0.5254237288135594,0.9333333333333333,24.849999999999994,3553,277,396,323
random,SSTF,192.0,90.16666666666667,45.89014660638551,10.0,194.0,184.0,48.67796610169491,42.95817464400243,0.2542372881355932,0.4915254237288136,0.8833333333333333,101.83333333333333,2874,196,385,186
random,SSTF,179.0,101.43333333333334,58.877377281563376,2.0,196.0,194.0,61.23728813559322,49.86365783119815,0.1016949152542373,0.5084745762711864,0.9166666666666666,77.56666666666666,3718,217,390,211
random,SSTF,97.0,116.78333333333333,48.51944341074915,8.0,197.0,189.0,55.59322033898305,42.57042764605965,0.0847457627118644,0.5084745762711864,0.8166666666666667,19.78333333333333,3344,293,395,289
random,SCAN,145.0,89.46666666666667,56.04268214693354,3.0,196.0,193.0,75.27118644067797,42.35156752085706,0.06779661016949153,0.4576271186440678,0.9,55.53333333333333,4500,250,396,252
random,SSTF,164.0,98.3,61.24548962984948,1.0,198.0,197.0,87.76271186440678,49.9994369402367,0.05084745762711865,0.5423728813559322,0.8166666666666667,65.7,5211,233,394,231
random,SSTF,82.0,100.63333333333334,60.704191691257115,1.0,199.0,198.0,75.13559322033899,50.37771151877017,0.0847457627118644,0.5254237288135594,0.8333333333333334,18.63333333333334,4499,315,394,285
random,SSTF,34.0,101.85,59.73994336566895,2.0,199.0,197.0,62.69491525423729,45.5963328280433,0.13559322033898305,0.5254237288135594,0.8666666666666667,67.85,3723,362,396,231
random,SSTF,164.0,83.63333333333334,52.919740068228684,3.0,196.0,193.0,62.898305084745765,45.19288038845531,0.05084745762711865,0.5084745762711864,0.8166666666666667,80.36666666666666,3726,231,397,227
random,SCAN,105.0,108.5,58.387926834235174,1.0,198.0,197.0,58.559322033898304,46.99631113776178,0.15254237288135594,0.4915254237288136,0.9166666666666666,3.5,3527,292,397,301
random,SSTF,4.0,88.36666666666666,57.772821368606266,0.0,194.0,194.0,57.40677966101695,48.61440068576591,0.13559322033898305,0.4745762711864407,0.8166666666666667,84.36666666666666,3460,394,397,198
random,SSTF,131.0,96.48333333333333,55.697543831742614,1.0,189.0,188.0,73.67796610169492,50.449316965682854,0.0847457627118644,0.5084745762711864,0.8166666666666667,34.516666666666666,4428,266,396,256
random,SSTF,76.0,100.01666666666667,57.521442861674544,1.0,198.0,197.0,65.61016949152543,49.990174271551474,0.0847457627118644,0.4745762711864407,0.9,24.016666666666666,3884,321,392,319
random,SCAN,147.0,97.01666666666667,60.01874475713585,0.0,199.0,199.0,70.27118644067797,49.91104986465781,0.05084745762711865,0.5084745762711864,0.8833333333333333,49.983333333333334,4262,251,396,346
random,SSTF,165.0,102.96666666666667,51.69653975095647,5.0,196.0,191.0,63.25423728813559,47.39004873740398,0.1694915254237288,0.559322033898305,0.8833333333333333,62.03333333333333,3835,228,397,224
random,SCAN,111.0,109.65,60.58487847639871,13.0,194.0,181.0,85.37288135593221,51.309264470574384,0.0847457627118644,0.4915254237288136,0.85,1.3499999999999943,5054,274,395,279
random,SCAN,175.0,88.35,60.156968285755006,1.0,198.0,197.0,64.67796610169492,45.07411624408505,0.13559322033898305,0.4576271186440678,0.8833333333333333,86.65,3923,222,395,379
random,SCAN,124.0,92.51666666666667,51.382062910016465,5.0,191.0,186.0,65.15254237288136,43.07416291102466,0.0847457627118644,0.5254237288135594,0.8333333333333334,31.483333333333334,3905,269,396,305
random,SSTF,23.0,100.88333333333334,64.02293642819649,1.0,198.0,197.0,83.35593220338983,48.70484008658493,0.05084745762711865,0.4915254237288136,0.8,77.88333333333334,4972,374,397,219
random,SCAN,31.0,115.15,61.32776016345833,3.0,199.0,196.0,72.8135593220339,51.52010454256658,0.0847457627118644,0.4915254237288136,0.8,84.15,4459,364,394,364
random,SSTF,144.0,90.65,57.76037424855671,0.0,195.0,195.0,66.15254237288136,49.62121387489121,0.11864406779661017,0.4745762711864407,0.85,53.349999999999994,3948,254,378,246
random,SSTF,78.0,105.9,49.980229424576805,4.0,191.0,187.0,61.779661016949156,40.450877427206116,0.0847457627118644,0.5423728813559322,0.8333333333333334,27.900000000000006,3671,316,394,263
random,SSTF,20.0,101.98333333333333,57.36040785148663,5.0,194.0,189.0,74.72881355932203,45.19780649712639,0.06779661016949153,0.5084745762711864,0.8833333333333333,81.98333333333333,4465,373,393,363
random,SCAN,117.0,102.5,60.151336920581684,0.0,197.0,197.0,71.16949152542372,50.260390625652214,0.15254237288135594,0.4915254237288136,0.95,14.5,4268,281,397,316
random,SSTF,131.0,103.96666666666667,61.52586628583317,2.0,198.0,196.0,70.08474576271186,48.03645795364156,0.11864406779661017,0.5084745762711864,0.85,27.03333333333333,4135,265,392,263
random,SSTF,36.0,100.48333333333333,60.221948287609855,5.0,194.0,189.0,72.42372881355932,50.40150770876094,0.0847457627118644,0.5254237288135594,0.8666666666666667,64.48333333333333,4275,357,396,353
random,SSTF,37.0,102.88333333333334,57.94597819425339,2.0,196.0,194.0,67.52542372881356,47.58163580099386,0.1694915254237288,0.423728813559322,0.8833333333333333,65.88333333333334,4094,359,394,353
random,SCAN,53.0,107.48333333333333,58.63488485724366,2.0,199.0,197.0,80.86440677966101,52.25279414380183,0.05084745762711865,0.4406779661016949,0.8333333333333334,54.483333333333334,4891,343,385,343
random,SSTF,191.0,106.51666666666667,58.29193531031734,6.0,194.0,188.0,68.83050847457628,45.17279537635827,0.0847457627118644,0.5423728813559322,0.8833333333333333,84.48333333333333,4202,201,396,191
random,SSTF,73.0,97.2,55.779267355054664,0.0,195.0,195.0,70.55932203389831,45.739228123907715,0.1016949152542373,0.4745762711864407,0.8,24.200000000000003,4216,325,394,274
random,SSTF,47.0,103.1,59.27160646830262,1.0,199.0,198.0,64.71186440677967,45.038232665244905,0.1016949152542373,0.4915254237288136,0.9,56.099999999999994,3845,350,396,244
random,SCAN,167.0,106.65,63.67386303133596,2.0,199.0,197.0,78.08474576271186,47.407818898700384,0.06779661016949153,0.423728813559322,0.85,60.349999999999994,4704,229,394,229
random,SSTF,17.0,95.08333333333333,62.50261105657018,2.0,198.0,196.0,77.1864406779661,51.82090232560314,0.0847457627118644,0.5084745762711864,0.85,78.08333333333333,4558,379,396,219
random,SCAN,35.0,108.88333333333334,63.504092169105306,0.0,199.0,199.0,69.69491525423729,51.503909424525894,0.1016949152542373,0.4915254237288136,0.9,73.88333333333334,4239,363,393,363
random,SSTF,21.0,110.21666666666667,55.25971759689773,6.0,195.0,189.0,58.813559322033896,47.6219129792767,0.15254237288135594,0.5084745762711864,0.8666666666666667,89.21666666666667,3640,371,394,210
random,SSTF,81.0,96.21666666666667,54.48550010986613,1.0,194.0,193.0,71.8135593220339,50.56577343681624,0.1016949152542373,0.5423728813559322,0.8166666666666667,15.216666666666669,4266,316,395,306
random,SSTF,17.0,110.68333333333334,59.88697456227207,0.0,198.0,198.0,78.27118644067797,45.4625308595076,0.0847457627118644,0.4915254237288136,0.8833333333333333,93.68333333333334,4748,381,397,217
random,SCAN,189.0,118.33333333333333,55.24058491926223,0.0,199.0,199.0,67.0677966101695,44.00996204897083,0.06779661016949153,0.4915254237288136,0.85,70.66666666666667,3964,209,394,209
random,SSTF,59.0,96.25,60.216173076674345,0.0,198.0,198.0,61.355932203389834,49.412056002237804,0.1016949152542373,0.5084745762711864,0.8833333333333333,37.25,3752,339,392,337
random,SSTF,164.0,92.95,60.58504353386239,1.0,194.0,193.0,75.49152542372882,51.976974328878995,0.1016949152542373,0.4745762711864407,0.8666666666666667,71.05,4590,233,394,223
random,SCAN,44.0,102.68333333333334,58.45211477972566,0.0,198.0,198.0,68.2542372881356,46.875093028730824,0.05084745762711865,0.5423728813559322,0.8333333333333334,58.68333333333334,4156,354,396,356
random,SCAN,106.0,112.13333333333334,59.234693287708424,3.0,199.0,196.0,59.101694915254235,46.91199655584993,0.15254237288135594,0.4406779661016949,0.8666666666666667,6.13333333333334,3549,289,394,289
random,SCAN,125.0,103.91666666666667,55.85018402436608,1.0,198.0,197.0,68.05084745762711,48.31935560829076,0.1016949152542373,0.5084745762711864,0.8333333333333334,21.08333333333333,4037,272,394,321
random,SCAN,119.0,105.1,58.1279336177252,1.0,196.0,195.0,73.0,54.515741778819404,0.13559322033898305,0.576271186440678,0.8,13.900000000000006,4357,278,396,315
random,SCAN,55.0,117.13333333333334,58.93088230197211,2.0,199.0,197.0,68.0677966101695,48.757047089705765,0.13559322033898305,0.4915254237288136,0.8166666666666667,62.13333333333334,4120,341,397,343
random,SSTF,45.0,85.06666666666666,55.3238546098235,1.0,193.0,192.0,68.1864406779661,44.53887069274954,0.06779661016949153,0.4915254237288136,0.85,40.06666666666666,4140,352,397,344
random,SSTF,66.0,96.76666666666667,57.61781167505602,0.0,194.0,194.0,62.79661016949152,47.19802482976468,0.1694915254237288,0.5084745762711864,0.8833333333333333,30.766666666666666,3727,332,396,260
random,SSTF,181.0,95.11666666666666,56.845724455660594,0.0,195.0,195.0,73.64406779661017,50.20998709213152,0.0847457627118644,0.4915254237288136,0.9,85.88333333333334,4350,217,388,209
random,SSTF,2.0,90.56666666666666,61.60664646682929,0.0,196.0,196.0,64.33898305084746,48.3804170249512,0.1016949152542373,0.559322033898305,0.8666666666666667,88.56666666666666,3802,396,396,198
random,SSTF,41.0,110.85,57.616208656939584,4.0,199.0,195.0,59.71186440677966,50.96161760977906,0.1694915254237288,0.4915254237288136,0.9333333333333333,69.85,3552,353,392,232
random,SCAN,180.0,97.4,60.926513112109085,6.0,199.0,193.0,65.32203389830508,50.31340444702285,0.06779661016949153,0.5423728813559322,0.8,82.6,4028,212,395,212
random,SSTF,152.0,115.68333333333334,55.90065344479933,0.0,196.0,196.0,72.79661016949153,45.95715752189315,0.06779661016949153,0.4576271186440678,0.9333333333333333,36.31666666666666,4330,246,395,240
random,SCAN,133.0,93.23333333333333,60.02565192389741,6.0,196.0,190.0,58.52542372881356,41.82787811415155,0.1694915254237288,0.4915254237288136,0.8333333333333334,39.766666666666666,3498,259,393,323
random,SCAN,143.0,97.0,54.366043323628645,2.0,197.0,195.0,61.50847457627118,44.46685030041125,0.0847457627118644,0.5084745762711864,0.8833333333333333,46.0,3647,253,396,336
random,SSTF,91.0,84.96666666666667,58.582411088046626,0.0,191.0,191.0,58.25423728813559,43.280556256152714,0.15254237288135594,0.4745762711864407,0.8166666666666667,6.033333333333331,3522,307,395,297
random,SSTF,14.0,115.98333333333333,60.44294600879595,0.0,198.0,198.0,79.22033898305085,52.096087167753545,0.1016949152542373,0.4745762711864407,0.8166666666666667,101.98333333333333,4808,384,386,382
random,SSTF,63.0,97.61666666666666,55.24554029260844,2.0,197.0,195.0,68.77966101694915,43.44685738732139,0.05084745762711865,0.559322033898305,0.9333333333333333,34.61666666666666,4104,333,394,256
random,SCAN,111.0,92.35,58.391730293481345,1.0,197.0,196.0,75.16949152542372,50.135799497633194,0.06779661016949153,0.4576271186440678,0.9,18.650000000000006,4450,286,395,306
random,SCAN,16.0,93.36666666666666,57.547072519421484,0.0,199.0,199.0,78.91525423728814,48.44822087849352,0.06779661016949153,0.4745762711864407,0.9166666666666666,77.36666666666666,4767,382,397,392
random,SCAN,130.0,107.41666666666667,55.14051494943523,2.0,197.0,195.0,66.01694915254237,48.02135525142804,0.1016949152542373,0.4745762711864407,0.85,22.58333333333333,3945,266,396,323
random,SCAN,140.0,108.88333333333334,52.53763465893336,0.0,199.0,199.0,60.50847457627118,45.19725988445442,0.15254237288135594,0.4406779661016949,0.8666666666666667,31.11666666666666,3628,258,395,341
random,SCAN,149.0,93.51666666666667,55.02317441062648,3.0,199.0,196.0,61.271186440677965,47.9501261052316,0.15254237288135594,0.4406779661016949,0.9,55.483333333333334,3655,246,397,248
random,SCAN,169.0,94.23333333333333,52.80920584729733,0.0,198.0,198.0,66.77966101694915,41.56761606070086,0.06779661016949153,0.4576271186440678,0.85,74.76666666666667,3966,229,395,367
random,SSTF,75.0,80.36666666666666,55.68930677328358,3.0,190.0,187.0,78.37288135593221,45.29372999040321,0.06779661016949153,0.576271186440678,0.8666666666666667,5.36666666666666,4641,320,391,302
random,SCAN,140.0,104.81666666666666,60.93726054084005,0.0,199.0,199.0,70.03389830508475,46.66431369835852,0.1016949152542373,0.4406779661016949,0.9166666666666666,35.18333333333334,4174,258,396,339
random,SSTF,191.0,84.73333333333333,61.8675646486554,4.0,186.0,182.0,82.35593220338983,49.80428227176427,0.03389830508474576,0.5254237288135594,0.8333333333333334,106.26666666666667,5033,203,393,187
random,SSTF,40.0,88.26666666666667,59.6997673548417,2.0,198.0,196.0,72.03389830508475,50.331769157244345,0.0847457627118644,0.5084745762711864,0.8333333333333334,48.266666666666666,4391,356,397,234
random,SSTF,19.0,102.98333333333333,55.48437968373521,5.0,198.0,193.0,66.30508474576271,47.67412482191143,0.0847457627118644,0.5084745762711864,0.8666666666666667,83.98333333333333,3956,374,397,207
random,SSTF,107.0,100.58333333333333,56.46216776646899,0.0,190.0,190.0,64.50847457627118,43.1581140637249,0.13559322033898305,0.5423728813559322,0.85,6.416666666666671,3881,291,397,285
random,SCAN,39.0,108.18333333333334,53.730342658708416,6.0,199.0,193.0,47.45762711864407,37.25647346043929,0.22033898305084745,0.5084745762711864,0.8666666666666667,69.18333333333334,2803,353,395,353
random,SSTF,143.0,95.81666666666666,57.95788461364759,1.0,192.0,191.0,64.84745762711864,49.45390374107241,0.13559322033898305,0.4576271186440678,0.7833333333333333,47.18333333333334,3874,254,397,248
random,SCAN,188.0,98.26666666666667,58.51890482760441,1.0,199.0,198.0,65.0677966101695,43.95408405728147,0.05084745762711865,0.423728813559322,0.8666666666666667,89.73333333333333,3979,209,393,389
random,SSTF,179.0,105.35,66.0365618426641,0.0,197.0,197.0,94.47457627118644,54.80546673592414,0.06779661016949153,0.4915254237288136,0.8333333333333334,73.65,5675,219,395,215
random,SCAN,186.0,100.88333333333334,60.234843644595685,0.0,194.0,194.0,77.22033898305085,50.28463653116656,0.05084745762711865,0.5254237288135594,0.8333333333333334,85.11666666666666,4574,212,396,384
random,SSTF,13.0,105.5,57.73257312817436,2.0,198.0,196.0,60.32203389830509,43.53624660836777,0.0847457627118644,0.423728813559322,0.9,92.5,3675,383,397,217
random,SCAN,116.0,88.53333333333333,54.94162558772922,6.0,199.0,193.0,61.30508474576271,45.62420344780888,0.0847457627118644,0.559322033898305,0.8666666666666667,27.46666666666667,3711,276,397,278
random,SCAN,150.0,102.46666666666667,59.80146783780107,4.0,194.0,190.0,65.11864406779661,53.30121782745927,0.1864406779661017,0.4576271186440678,0.8666666666666667,47.53333333333333,3844,244,392,340
random,SSTF,71.0,102.03333333333333,61.44644461281349,3.0,197.0,194.0,77.13559322033899,51.084329623894114,0.05084745762711865,0.5084745762711864,0.7833333333333333,31.03333333333333,4607,324,396,266
random,SSTF,34.0,107.18333333333334,54.66488564171905,4.0,199.0,195.0,68.16949152542372,47.386314459414734,0.11864406779661017,0.4576271186440678,0.8333333333333334,73.18333333333334,4064,360,393,231
random,SCAN,199.0,94.81666666666666,59.16290833133731,3.0,196.0,193.0,71.08474576271186,51.68689573805974,0.1016949152542373,0.4745762711864407,0.85,104.18333333333334,4377,196,395,196
random,SSTF,45.0,104.3,54.33362985604159,10.0,194.0,184.0,62.847457627118644,40.740107901691,0.1016949152542373,0.5423728813559322,0.8666666666666667,59.3,3756,343,396,341
random,SCAN,147.0,110.73333333333333,59.78569133905611,0.0,199.0,199.0,58.25423728813559,43.819968058973494,0.0847457627118644,0.4915254237288136,0.8,36.266666666666666,3458,251,395,346
random,SCAN,168.0,100.35,60.92887246617977,0.0,199.0,199.0,65.44067796610169,48.75371213556963,0.06779661016949153,0.5254237288135594,0.8,67.65,4006,230,397,234
random,SSTF,37.0,96.16666666666667,59.42871546838466,1.0,194.0,193.0,68.32203389830508,50.0790699126979,0.11864406779661017,0.5084745762711864,0.85,59.16666666666667,4046,360,393,229
random,SSTF,154.0,100.45,61.068656717937834,3.0,193.0,190.0,65.1864406779661,46.013069100084955,0.0847457627118644,0.5084745762711864,0.9,53.55,3991,241,394,229
random,SSTF,86.0,89.6,55.315217918158226,0.0,197.0,197.0,63.74576271186441,43.979807855361784,0.11864406779661017,0.5423728813559322,0.8333333333333334,3.5999999999999943,3846,312,390,308
random,SSTF,86.0,110.35,58.9892151159854,0.0,196.0,196.0,61.11864406779661,44.67626858224212,0.03389830508474576,0.4915254237288136,0.8833333333333333,24.349999999999994,3679,312,392,304
random,SSTF,29.0,107.38333333333334,58.210849981387106,1.0,199.0,198.0,72.23728813559322,43.05469087341254,0.03389830508474576,0.5084745762711864,0.85,78.38333333333334,4334,368,394,226
random,SCAN,146.0,108.73333333333333,59.14920869199257,3.0,199.0,196.0,64.98305084745763,45.67515792757896,0.11864406779661017,0.5423728813559322,0.8666666666666667,37.266666666666666,3905,249,397,339
random,SCAN,133.0,97.28333333333333,57.624963244143494,7.0,199.0,192.0,71.9322033898305,48.31845785744144,0.11864406779661017,0.5084745762711864,0.8166666666666667,35.71666666666667,4325,258,396,318
random,SSTF,69.0,100.28333333333333,58.41606276435351,1.0,197.0,196.0,73.45762711864407,47.283967983532634,0.06779661016949153,0.5084745762711864,0.7833333333333333,31.28333333333333,4354,328,396,264
random,SSTF,58.0,101.08333333333333,59.17778064630527,4.0,195.0,191.0,71.59322033898304,46.257979117145815,0.0847457627118644,0.4915254237288136,0.9,43.08333333333333,4263,336,392,328
random,SCAN,163.0,95.61666666666666,60.21990027299023,0.0,197.0,197.0,74.27118644067797,50.98083073060097,0.0847457627118644,0.5932203389830508,0.8166666666666667,67.38333333333334,4516,235,390,360
random,SSTF,149.0,104.95,56.44951284112202,9.0,193.0,184.0,65.40677966101696,48.20335407278943,0.13559322033898305,0.4745762711864407,0.8833333333333333,44.05,3869,240,392,228
random,SSTF,117.0,97.51666666666667,54.85024815096301,1.0,197.0,196.0,59.88135593220339,37.08354504919513,0.03389830508474576,0.4406779661016949,0.8833333333333333,19.483333333333334,3615,280,394,276
random,SCAN,103.0,89.11666666666666,52.390868054991756,1.0,197.0,196.0,59.389830508474574,46.45319019865364,0.13559322033898305,0.4406779661016949,0.8833333333333333,13.88333333333334,3538,294,397,298
random,SCAN,184.0,89.71666666666667,55.43226848045179,12.0,198.0,186.0,62.11864406779661,50.58105920899463,0.1864406779661017,0.4915254237288136,0.8333333333333334,94.28333333333333,3686,202,397,358
random,SCAN,128.0,97.7,59.2953904897618,3.0,193.0,190.0,65.42372881355932,46.55458010194948,0.11864406779661017,0.576271186440678,0.8166666666666667,30.299999999999997,3981,267,397,319
random,SSTF,5.0,98.31666666666666,51.24824929259101,1.0,191.0,190.0,54.610169491525426,38.998920866926966,0.1016949152542373,0.5423728813559322,0.8666666666666667,93.31666666666666,3320,392,394,194
random,SCAN,113.0,98.68333333333334,54.806171084001924,10.0,199.0,189.0,67.69491525423729,49.34975631876648,0.11864406779661017,0.5254237288135594,0.85,14.316666666666663,4054,275,396,292
random,SCAN,158.0,90.6,54.131075486575476,2.0,199.0,197.0,58.40677966101695,44.95953685299924,0.1864406779661017,0.576271186440678,0.85,67.4,3476,238,395,238
random,SCAN,139.0,115.13333333333334,51.528460312939906,3.0,198.0,195.0,51.08474576271186,43.06293704532079,0.22033898305084745,0.5084745762711864,0.85,23.86666666666666,3037,256,397,331
random,SCAN,179.0,98.63333333333334,54.97998625762731,5.0,199.0,194.0,66.0,51.72515370130599,0.11864406779661017,0.4915254237288136,0.9,80.36666666666666,3968,214,393,368
random,SCAN,167.0,89.85,58.04906688885418,1.0,193.0,192.0,64.47457627118644,47.33700166376584,0.05084745762711865,0.559322033898305,0.8333333333333334,77.15,3908,230,396,370
random,SCAN,137.0,108.23333333333333,54.64075605463584,6.0,195.0,189.0,65.61016949152543,49.89548974187388,0.15254237288135594,0.5084745762711864,0.85,28.766666666666666,3923,255,396,322
random,SSTF,177.0,104.95,56.36116422975429,4.0,195.0,191.0,65.03389830508475,52.10223525628745,0.15254237288135594,0.559322033898305,0.9166666666666666,72.05,3848,217,397,211
random,SCAN,92.0,100.95,51.944016338105136,7.0,199.0,192.0,61.813559322033896,43.18799055303676,0.1016949152542373,0.5084745762711864,0.85,8.950000000000003,3726,299,390,299
random,SCAN,113.0,108.83333333333333,56.75302243542237,1.0,197.0,196.0,67.44067796610169,54.29213857829482,0.2033898305084746,0.4915254237288136,0.8833333333333333,4.166666666666671,4091,284,397,308
random,SSTF,78.0,101.98333333333333,58.20237442655487,1.0,199.0,198.0,71.44067796610169,49.4160034417043,0.1016949152542373,0.4067796610169492,0.95,23.983333333333334,4217,319,396,279
random,SSTF,88.0,97.16666666666667,60.2033129394794,5.0,197.0,192.0,69.54237288135593,51.23502576905641,0.11864406779661017,0.5084745762711864,0.8666666666666667,9.166666666666671,4163,305,394,277
random,SSTF,174.0,114.0,56.132581150938236,1.0,192.0,191.0,67.72881355932203,51.76571423035521,0.13559322033898305,0.5423728813559322,0.85,60.0,4008,223,394,209
random,SCAN,120.0,101.28333333333333,54.22333189893647,2.0,199.0,197.0,58.152542372881356,42.387963417565636,0.1694915254237288,0.4915254237288136,0.9333333333333333,18.71666666666667,3479,276,389,276
random,SCAN,171.0,113.91666666666667,51.278745326131194,2.0,197.0,195.0,58.52542372881356,43.82451752940197,0.06779661016949153,0.5084745762711864,0.8333333333333334,57.08333333333333,3535,225,397,364
random,SSTF,34.0,87.8,60.580194783443865,0.0,198.0,198.0,75.47457627118644,51.84244577701256,0.1016949152542373,0.5254237288135594,0.85,53.8,4511,364,394,362
random,SSTF,34.0,108.53333333333333,54.032850090374545,2.0,195.0,193.0,63.88135593220339,42.30802494128784,0.1016949152542373,0.5423728813559322,0.8666666666666667,74.53333333333333,3845,362,383,354
random,SSTF,21.0,99.5,60.129720881884474,4.0,199.0,195.0,72.84745762711864,47.252948454082066,0.0847457627118644,0.4576271186440678,0.9333333333333333,78.5,4373,373,396,212
random,SSTF,14.0,88.4,53.66786748138964,8.0,188.0,180.0,65.11864406779661,45.45666021039691,0.15254237288135594,0.5254237288135594,0.8833333333333333,74.4,3908,376,395,354
random,SSTF,8.0,104.2,56.94845622724699,1.0,195.0,194.0,73.40677966101696,45.84576894662563,0.0847457627118644,0.559322033898305,0.8333333333333334,96.2,4459,389,391,381
random,SCAN,177.0,91.88333333333334,48.54760264134803,8.0,196.0,188.0,59.16949152542373,44.28610852418657,0.13559322033898305,0.4576271186440678,0.8666666666666667,85.11666666666666,3613,213,393,357
random,SSTF,78.0,84.96666666666667,57.67494160282167,0.0,195.0,195.0,76.42372881355932,50.20844799934299,0.1016949152542373,0.4745762711864407,0.8833333333333333,6.966666666666669,4554,320,396,281
random,SSTF,17.0,95.73333333333333,60.58819100195093,5.0,199.0,194.0,77.88135593220339,47.7138663517142,0.1016949152542373,0.5254237288135594,0.8666666666666667,78.73333333333333,4675,376,396,210
random,SSTF,98.0,100.3,58.408989034223154,1.0,196.0,195.0,67.88135593220339,47.72452190836265,0.06779661016949153,0.5084745762711864,0.8333333333333334,2.299999999999997,4011,299,393,293
random,SSTF,45.0,88.9,55.39274922466537,0.0,191.0,191.0,57.779661016949156,40.84325880381729,0.0847457627118644,0.4915254237288136,0.9,43.900000000000006,3413,353,394,337
random,SSTF,54.0,95.88333333333334,58.720550538593855,2.0,193.0,191.0,64.72881355932203,49.264705456108274,0.0847457627118644,0.5423728813559322,0.8,41.88333333333334,3863,342,396,243
random,SSTF,65.0,104.41666666666667,50.24350427888388,5.0,193.0,188.0,60.186440677966104,43.77890312145414,0.05084745762711865,0.4406779661016949,0.8,39.41666666666667,3564,328,387,316
random,SCAN,167.0,106.78333333333333,52.949690482780184,14.0,199.0,185.0,66.47457627118644,46.99093166472398,0.13559322033898305,0.4915254237288136,0.8833333333333333,60.21666666666667,4066,217,393,338
random,SSTF,192.0,92.11666666666666,56.287681206064576,0.0,192.0,192.0,54.67796610169491,40.31210470434118,0.13559322033898305,0.4915254237288136,0.8166666666666667,99.88333333333334,3307,206,393,192
random,SCAN,185.0,102.4,61.20163396511567,11.0,199.0,188.0,80.64406779661017,51.46852344381883,0.0847457627118644,0.4745762711864407,0.8666666666666667,82.6,4846,202,394,202
random,SCAN,72.0,96.48333333333333,56.71404636909234,0.0,199.0,199.0,76.05084745762711,39.65205606433635,0.06779661016949153,0.4576271186440678,0.8333333333333334,24.483333333333334,4513,326,392,326
random,SSTF,21.0,97.01666666666667,55.55492527420248,0.0,196.0,196.0,66.50847457627118,46.57429744417886,0.0847457627118644,0.5254237288135594,0.8833333333333333,76.01666666666667,3932,377,397,217
random,SCAN,0.0,108.06666666666666,51.38769848471087,5.0,195.0,190.0,58.71186440677966,47.0030835077429,0.1694915254237288,0.5084745762711864,0.8,108.06666666666666,3573,195,195,195
random,SCAN,127.0,117.16666666666667,50.37332848067737,7.0,193.0,186.0,63.91525423728814,46.18727102347983,0.06779661016949153,0.5084745762711864,0.85,9.833333333333329,3888,264,397,306
random,SSTF,119.0,99.08333333333333,55.37788116407328,1.0,197.0,196.0,63.08474576271186,46.94182773430385,0.11864406779661017,0.5254237288135594,0.8166666666666667,19.91666666666667,3771,278,396,274
random,SCAN,171.0,91.7,55.751920744192006,0.0,195.0,195.0,67.57627118644068,48.504482892535,0.15254237288135594,0.4745762711864407,0.8833333333333333,79.3,4006,227,395,366
random,SSTF,66.0,100.41666666666667,59.18707394543358,8.0,198.0,190.0,76.50847457627118,46.41572384124782,0.05084745762711865,0.4745762711864407,0.85,34.41666666666667,4637,324,397,248
random,SCAN,199.0,106.81666666666666,59.18994612450853,4.0,199.0,195.0,66.35593220338983,48.766744264558966,0.05084745762711865,0.559322033898305,0.8333333333333334,92.18333333333334,4035,195,396,195
random,SSTF,157.0,98.8,59.937689867617244,1.0,198.0,197.0,68.16949152542372,54.14799323084738,0.13559322033898305,0.5084745762711864,0.8833333333333333,58.2,4053,240,394,238
random,SSTF,143.0,106.85,58.62076566087027,0.0,193.0,193.0,70.10169491525424,47.51973538820003,0.1016949152542373,0.4745762711864407,0.8666666666666667,36.150000000000006,4150,255,390,243
random,SCAN,189.0,104.06666666666666,60.82512273358399,2.0,199.0,197.0,78.1864406779661,46.87432696059958,0.1016949152542373,0.5084745762711864,0.8833333333333333,84.93333333333334,4766,207,396,213
random,SCAN,133.0,104.98333333333333,62.144319039546076,2.0,195.0,193.0,72.88135593220339,51.277604304863864,0.0847457627118644,0.5423728813559322,0.8666666666666667,28.016666666666666,4430,263,397,263
random,SCAN,20.0,106.96666666666667,59.674943559997516,6.0,199.0,193.0,71.30508474576271,51.715733513017376,0.1864406779661017,0.5254237288135594,0.85,86.96666666666667,4234,372,393,372
random,SSTF,68.0,89.18333333333334,57.683184050659186,2.0,196.0,194.0,64.72881355932203,47.265507009125024,0.1016949152542373,0.4915254237288136,0.8166666666666667,21.183333333333337,3934,328,396,262
random,SCAN,178.0,91.46666666666667,50.98152170694354,0.0,197.0,197.0,62.42372881355932,49.33428119827213,0.13559322033898305,0.5084745762711864,0.85,86.53333333333333,3689,220,396,220
random,SCAN,124.0,91.43333333333334,57.56832655394998,3.0,199.0,196.0,65.84745762711864,39.3031734429789,0.03389830508474576,0.4915254237288136,0.9166666666666666,32.56666666666666,3944,271,393,321
random,SCAN,43.0,97.71666666666667,60.34569624716874,2.0,199.0,197.0,74.05084745762711,48.57963014868999,0.06779661016949153,0.5084745762711864,0.8666666666666667,54.71666666666667,4411,353,392,353
random,SSTF,166.0,103.36666666666666,58.13833120717824,3.0,196.0,193.0,69.13559322033899,52.24144001802175,0.1016949152542373,0.5254237288135594,0.9,62.63333333333334,4152,229,397,225
random,SSTF,14.0,98.28333333333333,61.0830286486262,1.0,198.0,197.0,67.44067796610169,47.89900079862276,0.0847457627118644,0.4745762711864407,0.8833333333333333,84.28333333333333,4013,383,393,381
random,SCAN,131.0,102.78333333333333,61.26420696912313,1.0,197.0,196.0,67.47457627118644,51.71117832542114,0.11864406779661017,0.4915254237288136,0.9,28.21666666666667,4015,266,395,326
random,SCAN,178.0,105.05,61.70100620465332,3.0,199.0,196.0,76.69491525423729,49.1294568814616,0.06779661016949153,0.5254237288135594,0.7833333333333333,72.95,4699,217,392,217
random,SCAN,23.0,97.66666666666667,57.07061902201127,6.0,199.0,193.0,66.08474576271186,43.40205733450394,0.06779661016949153,0.559322033898305,0.8833333333333333,74.66666666666667,3986,369,393,369
random,SSTF,80.0,106.91666666666667,56.59926138112483,1.0,198.0,197.0,62.47457627118644,47.19751355566735,0.11864406779661017,0.559322033898305,0.8833333333333333,26.91666666666667,3692,317,395,278
random,SCAN,104.0,89.9,60.14585050802202,0.0,196.0,196.0,78.61016949152543,48.16919929776933,0.1016949152542373,0.5423728813559322,0.9,14.099999999999994,4672,294,396,300
random,SSTF,110.0,90.4,52.83092528686836,0.0,194.0,194.0,57.13559322033898,43.201325162945295,0.05084745762711865,0.4915254237288136,0.8,19.599999999999994,3467,288,397,282
random,SCAN,44.0,108.05,57.144677500767,0.0,199.0,199.0,76.84745762711864,48.761895918189445,0.1016949152542373,0.5423728813559322,0.8833333333333333,64.05,4536,354,396,364
random,SSTF,161.0,99.6,60.732253923814376,0.0,198.0,198.0,80.0677966101695,50.98749079116339,0.06779661016949153,0.5084745762711864,0.8333333333333334,61.400000000000006,4775,237,392,235
random,SSTF,17.0,110.8,55.87390565669572,0.0,198.0,198.0,69.05084745762711,43.622192971248005,0.0847457627118644,0.4576271186440678,0.9,93.8,4214,381,397,215
random,SCAN,89.0,97.71666666666667,57.67122091842882,0.0,198.0,198.0,65.7457627118644,41.211975065811274,0.0847457627118644,0.5254237288135594,0.9166666666666666,8.716666666666669,3908,309,397,309
random,SSTF,32.0,98.28333333333333,55.67797040921022,1.0,193.0,192.0,70.52542372881356,46.21334312130613,0.0847457627118644,0.559322033898305,0.85,66.28333333333333,4178,365,396,359
random,SSTF,10.0,104.8,61.84194908528245,1.0,198.0,197.0,71.76271186440678,52.51322318802136,0.11864406779661017,0.5084745762711864,0.8333333333333334,94.8,4392,387,397,206
random,SSTF,171.0,92.41666666666667,53.19156940301306,1.0,195.0,194.0,62.66101694915254,42.24248410513513,0.1016949152542373,0.4745762711864407,0.85,78.58333333333333,3721,226,397,220
random,SSTF,13.0,96.73333333333333,60.29921687348481,2.0,199.0,197.0,72.38983050847457,44.74031168646214,0.06779661016949153,0.5084745762711864,0.8833333333333333,83.73333333333333,4321,383,396,222
random,SCAN,102.0,92.2,60.460675925210545,2.0,198.0,196.0,69.57627118644068,46.240785940563704,0.0847457627118644,0.4745762711864407,0.8333333333333334,9.799999999999997,4191,294,397,294
random,SSTF,58.0,101.73333333333333,52.83933719829911,2.0,197.0,195.0,62.0,47.90668896362623,0.1864406779661017,0.4915254237288136,0.85,43.733333333333334,3760,338,397,253
random,SCAN,147.0,105.95,56.33543142049533,8.0,196.0,188.0,78.32203389830508,48.97818285587225,0.03389830508474576,0.4576271186440678,0.9,41.05,4676,243,393,335
random,SSTF,77.0,111.18333333333334,51.80749355922258,15.0,194.0,179.0,66.13559322033899,44.76396009015706,0.0847457627118644,0.4915254237288136,0.85,34.18333333333334,3919,306,397,241
random,SCAN,39.0,94.11666666666666,57.31116577266791,0.0,195.0,195.0,68.0,46.163673443116636,0.06779661016949153,0.5254237288135594,0.8666666666666667,55.11666666666666,4025,359,396,367
random,SCAN,38.0,101.43333333333334,59.39174091478451,0.0,199.0,199.0,82.0677966101695,46.19702257878827,0.06779661016949153,0.5084745762711864,0.85,63.43333333333334,4905,360,394,360
random,SCAN,187.0,99.81666666666666,56.076284846824706,1.0,199.0,198.0,66.98305084745763,47.89341681007085,0.13559322033898305,0.4915254237288136,0.9166666666666666,87.18333333333334,3960,210,396,210
random,SSTF,57.0,112.15,57.73815174273131,0.0,194.0,194.0,66.01694915254237,48.18660462481872,0.11864406779661017,0.4576271186440678,0.8666666666666667,55.150000000000006,4011,341,397,251
random,SCAN,165.0,97.55,55.97750292156067,0.0,199.0,199.0,71.2542372881356,47.367869114181936,0.0847457627118644,0.4915254237288136,0.9,67.45,4285,233,397,235
random,SSTF,54.0,102.13333333333334,53.68161282558075,2.0,197.0,195.0,59.03389830508475,35.32702720163292,0.13559322033898305,0.4406779661016949,0.8666666666666667,48.13333333333334,3490,342,396,251
random,SCAN,143.0,91.78333333333333,58.58671398496041,0.0,195.0,195.0,63.559322033898304,49.568398621634365,0.13559322033898305,0.4915254237288136,0.8666666666666667,51.21666666666667,3868,255,395,338
random,SCAN,175.0,107.18333333333334,58.794413472332174,3.0,197.0,194.0,79.59322033898304,45.72212261486859,0.03389830508474576,0.4915254237288136,0.85,67.81666666666666,4699,220,397,366
random,SSTF,168.0,105.58333333333333,57.65249103223747,3.0,191.0,188.0,67.9322033898305,48.523579592822756,0.0847457627118644,0.5084745762711864,0.85,62.41666666666667,4012,227,393,211
random,SSTF,64.0,103.33333333333333,64.79343245182254,0.0,199.0,199.0,79.40677966101696,52.110742132132614,0.1016949152542373,0.5423728813559322,0.9166666666666666,39.33333333333333,4746,334,395,269
random,SSTF,20.0,107.43333333333334,59.72279482929631,6.0,195.0,189.0,61.067796610169495,45.279120943876094,0.15254237288135594,0.576271186440678,0.8833333333333333,87.43333333333334,3728,372,394,203
random,SSTF,81.0,109.81666666666666,56.01919066018557,5.0,194.0,189.0,61.32203389830509,46.06018195757538,0.0847457627118644,0.4745762711864407,0.85,28.816666666666663,3677,312,397,304
random,SSTF,34.0,108.88333333333334,57.44014033950668,4.0,198.0,194.0,65.64406779661017,48.029568121746685,0.1694915254237288,0.5084745762711864,0.9166666666666666,74.88333333333334,3877,360,394,238
random,SSTF,183.0,87.25,51.27007736812315,5.0,191.0,186.0,56.067796610169495,40.33119850824142,0.1016949152542373,0.4915254237288136,0.9,95.75,3383,210,387,194
random,SCAN,170.0,92.71666666666667,55.34530743934444,7.0,198.0,191.0,71.23728813559322,46.99489297282362,0.05084745762711865,0.5254237288135594,0.8666666666666667,77.28333333333333,4326,221,395,354
random,SSTF,35.0,107.1,50.65033728087768,1.0,197.0,196.0,60.847457627118644,40.27945329747066,0.1016949152542373,0.4745762711864407,0.8833333333333333,72.1,3654,362,395,238
random,SSTF,12.0,107.21666666666667,51.57941826822874,3.0,195.0,192.0,62.16949152542373,39.89229250665307,0.06779661016949153,0.5254237288135594,0.9,95.21666666666667,3815,383,394,207
random,SSTF,71.0,96.7,60.74709869615174,2.0,198.0,196.0,76.0677966101695,53.51092535579262,0.06779661016949153,0.5084745762711864,0.85,25.700000000000003,4537,325,396,265
random,SSTF,110.0,107.01666666666667,53.68131011400109,14.0,198.0,184.0,64.05084745762711,44.99243768050757,0.11864406779661017,0.5084745762711864,0.85,2.9833333333333343,3791,274,395,272
random,SSTF,142.0,97.46666666666667,61.57474229656905,3.0,197.0,194.0,73.62711864406779,54.51695376330184,0.1016949152542373,0.4745762711864407,0.85,44.53333333333333,4483,253,389,249
random,SCAN,173.0,112.25,58.976160437926104,2.0,199.0,197.0,66.55932203389831,46.460944482998045,0.11864406779661017,0.5254237288135594,0.8666666666666667,60.75,3948,223,391,223
random,SCAN,175.0,90.4,55.55963762780795,1.0,195.0,194.0,67.79661016949153,43.55895271227725,0.1016949152542373,0.5254237288135594,0.85,84.6,4146,222,397,368
random,SSTF,169.0,102.36666666666666,52.982061953918794,0.0,193.0,193.0,57.57627118644068,41.14225152652952,0.1016949152542373,0.5254237288135594,0.9166666666666666,66.63333333333334,3427,229,394,217
random,SCAN,153.0,107.55,52.4612317176535,5.0,198.0,193.0,61.13559322033898,43.69984587767828,0.11864406779661017,0.5423728813559322,0.9166666666666666,45.45,3675,240,394,343
random,SSTF,146.0,87.31666666666666,54.713036736127975,1.0,195.0,194.0,52.42372881355932,45.444025316243795,0.1864406779661017,0.5084745762711864,0.9166666666666666,58.68333333333334,3144,251,378,243
random,SSTF,34.0,95.51666666666667,54.7084672504073,0.0,192.0,192.0,63.03389830508475,43.37536835253935,0.1016949152542373,0.5084745762711864,0.9,61.516666666666666,3790,364,389,350
random,SSTF,174.0,100.41666666666667,56.682240506960284,6.0,197.0,191.0,71.69491525423729,45.97060749877445,0.0847457627118644,0.5084745762711864,0.8333333333333334,73.58333333333333,4239,218,393,214
random,SCAN,115.0,93.31666666666666,60.79816106502637,2.0,195.0,193.0,72.96610169491525,46.82711300007573,0.05084745762711865,0.5254237288135594,0.9333333333333333,21.683333333333337,4335,281,396,306
random,SSTF,87.0,97.55,58.469771392290106,1.0,196.0,195.0,70.62711864406779,52.117175120542036,0.0847457627118644,0.5254237288135594,0.9333333333333333,10.549999999999997,4249,310,385,304
random,SSTF,13.0,100.38333333333334,57.32628590407332,0.0,199.0,199.0,64.84745762711864,43.69688099613721,0.06779661016949153,0.5084745762711864,0.8833333333333333,87.38333333333334,3880,385,393,216
random,SSTF,10.0,109.56666666666666,57.48285734798583,7.0,196.0,189.0,55.42372881355932,46.19090944016484,0.2033898305084746,0.4576271186440678,0.85,99.56666666666666,3324,381,395,375
random,SCAN,142.0,103.66666666666667,54.87278216221794,0.0,192.0,192.0,61.71186440677966,51.72320426303703,0.15254237288135594,0.576271186440678,0.85,38.33333333333333,3698,256,396,260
random,SCAN,134.0,91.95,55.70620103124367,5.0,197.0,192.0,65.05084745762711,44.99281439007169,0.0847457627118644,0.5084745762711864,0.8666666666666667,42.05,3967,259,396,265
random,SSTF,42.0,115.15,60.18383642363344,0.0,197.0,197.0,74.64406779661017,53.68355576640036,0.05084745762711865,0.5254237288135594,0.85,73.15,4526,356,394,239
random,SCAN,105.0,97.8,54.75484757839559,2.0,198.0,196.0,59.88135593220339,45.15137805797658,0.15254237288135594,0.5084745762711864,0.9,7.200000000000003,3599,291,397,301
random,SSTF,90.0,99.18333333333334,62.200346104789126,0.0,198.0,198.0,74.23728813559322,50.11455994089463,0.11864406779661017,0.5423728813559322,0.85,9.183333333333337,4448,308,396,288
random,SSTF,123.0,82.36666666666666,57.167871707415834,2.0,193.0,191.0,76.83050847457628,52.855464109041094,0.03389830508474576,0.4576271186440678,0.9,40.63333333333334,4602,273,391,261
random,SSTF,120.0,114.66666666666667,56.968022219097236,0.0,198.0,198.0,69.50847457627118,44.24407377010821,0.06779661016949153,0.5254237288135594,0.9166666666666666,5.333333333333329,4153,278,394,276
random,SCAN,171.0,119.71666666666667,52.53985524236709,0.0,199.0,199.0,52.08474576271186,39.32407212718663,0.13559322033898305,0.5084745762711864,0.85,51.28333333333333,3082,227,397,229
random,SSTF,12.0,103.01666666666667,57.49362041904205,1.0,189.0,188.0,55.54237288135593,45.60713668279705,0.23728813559322035,0.4745762711864407,0.8,91.01666666666667,3417,385,390,365
random,SCAN,189.0,91.26666666666667,57.42527511664374,0.0,192.0,192.0,59.52542372881356,46.445286174931695,0.13559322033898305,0.4745762711864407,0.9166666666666666,97.73333333333333,3701,209,396,381
random,SSTF,157.0,91.88333333333334,60.62950097839243,0.0,194.0,194.0,72.83050847457628,51.48215176727669,0.13559322033898305,0.5423728813559322,0.85,65.11666666666666,4352,241,393,231
random,SCAN,46.0,100.35,62.36821439376525,7.0,199.0,192.0,72.11864406779661,49.50948710515677,0.1016949152542373,0.4067796610169492,0.9,54.349999999999994,4298,345,392,345
random,SSTF,161.0,105.0,58.60176334093256,0.0,196.0,196.0,58.79661016949152,49.77807687789467,0.15254237288135594,0.4915254237288136,0.8,56.0,3491,237,394,231
random,SCAN,187.0,98.05,55.028606197140775,9.0,199.0,190.0,58.47457627118644,40.36585061666476,0.11864406779661017,0.4915254237288136,0.8333333333333334,88.95,3580,202,394,368
random,SSTF,44.0,100.81666666666666,56.54275422682871,3.0,192.0,189.0,58.83050847457627,45.089046564331305,0.15254237288135594,0.559322033898305,0.9166666666666666,56.81666666666666,3558,351,392,230
random,SSTF,198.0,92.88333333333334,64.397746251109,1.0,198.0,197.0,79.05084745762711,55.1655209589436,0.11864406779661017,0.5423728813559322,0.8166666666666667,105.11666666666666,4854,199,387,197
random,SSTF,64.0,94.26666666666667,62.499831110882916,1.0,199.0,198.0,76.45762711864407,52.37101088207208,0.13559322033898305,0.5423728813559322,0.9,30.266666666666666,4535,333,392,261
random,SCAN,199.0,97.45,56.379791001149805,0.0,192.0,192.0,63.3728813559322,45.8497540074671,0.11864406779661017,0.423728813559322,0.85,101.55,3868,199,391,199
random,SSTF,6.0,100.91666666666667,57.28504507189367,0.0,196.0,196.0,71.15254237288136,47.06858089103242,0.11864406779661017,0.4745762711864407,0.8833333333333333,94.91666666666667,4383,392,397,210
random,SSTF,168.0,124.3,52.078562448157754,15.0,197.0,182.0,51.67796610169491,45.108697600940424,0.2033898305084746,0.5254237288135594,0.8833333333333333,43.7,3139,215,395,211
random,SCAN,107.0,100.38333333333334,61.50043134446746,0.0,191.0,191.0,74.7457627118644,47.4265152256854,0.0847457627118644,0.4576271186440678,0.85,6.61666666666666,4486,291,394,308
random,SSTF,153.0,86.88333333333334,53.85384284235331,3.0,191.0,188.0,63.6271186440678,47.1704080984293,0.0847457627118644,0.4576271186440678,0.8333333333333334,66.11666666666666,3762,242,397,228
random,SCAN,132.0,110.31666666666666,57.143238639599545,0.0,197.0,197.0,55.779661016949156,42.477538549697336,0.1016949152542373,0.5084745762711864,0.8333333333333334,21.683333333333337,3328,266,397,270
random,SSTF,91.0,96.55,60.30462254255473,0.0,198.0,198.0,65.57627118644068,45.80733543130716,0.0847457627118644,0.4915254237288136,0.7666666666666667,5.549999999999997,3950,307,396,289
random,SCAN,124.0,94.11666666666666,60.61135528008666,3.0,196.0,193.0,83.30508474576271,54.740452069647986,0.0847457627118644,0.5084745762711864,0.7833333333333333,29.88333333333334,4952,271,397,314
random,SSTF,143.0,105.11666666666666,52.238584611589765,1.0,189.0,188.0,62.3728813559322,48.27249569734644,0.1864406779661017,0.4915254237288136,0.8666666666666667,37.88333333333334,3719,254,396,240
random,SSTF,27.0,81.01666666666667,54.38060060556726,8.0,188.0,180.0,66.84745762711864,52.13470608224528,0.2033898305084746,0.5932203389830508,0.8666666666666667,54.016666666666666,4023,363,395,341
random,SCAN,113.0,103.56666666666666,57.592929735823965,14.0,199.0,185.0,68.66101694915254,45.882536159082825,0.13559322033898305,0.4915254237288136,0.7166666666666667,9.433333333333337,4081,271,392,286
random,SSTF,33.0,97.65,63.840902510329016,3.0,199.0,196.0,78.89830508474576,53.56184289283197,0.05084745762711865,0.4915254237288136,0.8166666666666667,64.65,4678,362,396,226
random,SCAN,191.0,99.55,56.834093347801954,0.0,199.0,199.0,68.96610169491525,45.74170892796502,0.1016949152542373,0.4915254237288136,0.9,91.45,4201,207,392,207
random,SSTF,65.0,91.98333333333333,52.50793326303708,5.0,185.0,180.0,66.54237288135593,37.946582452088656,0.06779661016949153,0.4915254237288136,0.8,26.983333333333334,3999,328,396,240
random,SSTF,141.0,90.83333333333333,63.553957827625155,8.0,197.0,189.0,74.61016949152543,49.26236124633585,0.0847457627118644,0.5254237288135594,0.8666666666666667,50.16666666666667,4480,249,397,247
random,SSTF,197.0,93.46666666666667,52.451713243918185,5.0,185.0,180.0,59.30508474576271,42.599934048364695,0.05084745762711865,0.559322033898305,0.9166666666666666,103.53333333333333,3587,196,386,192
random,SSTF,46.0,110.21666666666667,57.294878091811626,5.0,198.0,193.0,66.05084745762711,48.49232814695871,0.1016949152542373,0.5084745762711864,0.8666666666666667,64.21666666666667,3959,347,397,238
random,SSTF,29.0,107.35,59.92740747493309,2.0,198.0,196.0,69.7457627118644,45.72266923578926,0.06779661016949153,0.4745762711864407,0.9,78.35,4279,367,396,223
random,SSTF,56.0,95.95,60.25153525014944,1.0,196.0,195.0,61.57627118644068,49.547513026517265,0.1864406779661017,0.5254237288135594,0.8333333333333334,39.95,3636,341,397,337
random,SCAN,61.0,107.31666666666666,62.54185043277466,0.0,199.0,199.0,71.52542372881356,53.166306372504664,0.15254237288135594,0.4576271186440678,0.8666666666666667,46.31666666666666,4276,337,397,341
random,SCAN,181.0,103.81666666666666,58.14134835802218,2.0,198.0,196.0,69.0677966101695,46.63957162011445,0.06779661016949153,0.5254237288135594,0.9333333333333333,77.18333333333334,4094,215,394,375
random,SCAN,157.0,106.98333333333333,59.68430605183317,2.0,199.0,197.0,71.67796610169492,50.47887313670338,0.11864406779661017,0.4915254237288136,0.9,50.016666666666666,4238,239,395,352
random,SSTF,71.0,101.81666666666666,57.01739257064949,0.0,196.0,196.0,57.59322033898305,46.52031400424062,0.15254237288135594,0.5084745762711864,0.9,30.816666666666663,3523,327,391,321
random,SSTF,54.0,85.31666666666666,58.00933593444728,2.0,195.0,193.0,62.186440677966104,48.293409234250795,0.15254237288135594,0.5254237288135594,0.8333333333333334,31.316666666666663,3696,342,395,245
random,SCAN,122.0,91.05,56.31531023324534,3.0,199.0,196.0,48.20338983050848,40.20741969684875,0.1694915254237288,0.5254237288135594,0.8833333333333333,30.950000000000003,2900,273,392,273
random,SCAN,154.0,107.3,56.986928325713436,0.0,199.0,199.0,59.49152542372882,46.829793819730895,0.1016949152542373,0.5254237288135594,0.8833333333333333,46.7,3559,244,395,244
random,SSTF,9.0,109.4,60.536545436069716,2.0,199.0,197.0,75.27118644067797,45.858600105946365,0.05084745762711865,0.4745762711864407,0.9166666666666666,100.4,4627,387,393,204
random,SSTF,115.0,115.46666666666667,48.073369851601726,2.0,198.0,196.0,56.33898305084746,38.62668357122544,0.06779661016949153,0.4406779661016949,0.85,0.46666666666666856,3355,281,394,279
random,SSTF,22.0,98.43333333333334,56.24066342267152,6.0,195.0,189.0,73.88135593220339,53.16016245966258,0.0847457627118644,0.576271186440678,0.8,76.43333333333334,4443,370,395,205
random,SCAN,176.0,98.61666666666666,50.46123649781968,5.0,190.0,185.0,59.389830508474574,40.661486774968445,0.11864406779661017,0.5084745762711864,0.8666666666666667,77.38333333333334,3629,217,397,364
random,SSTF,89.0,97.8,64.25516840431334,1.0,199.0,198.0,75.59322033898304,56.35935506363375,0.11864406779661017,0.4576271186440678,0.8333333333333334,8.799999999999997,4502,308,397,290
random,SCAN,152.0,97.71666666666667,60.176986649567475,0.0,198.0,198.0,77.40677966101696,52.75081126986974,0.01694915254237288,0.5423728813559322,0.85,54.28333333333333,4574,246,392,350
random,SSTF,21.0,90.16666666666667,53.87181287298788,1.0,195.0,194.0,63.440677966101696,48.43771859399666,0.1016949152542373,0.4576271186440678,0.85,69.16666666666667,3877,376,395,368
random,SSTF,104.0,99.71666666666667,50.818005885928095,10.0,199.0,189.0,67.59322033898304,43.38089818016165,0.06779661016949153,0.5423728813559322,0.85,4.283333333333331,3995,284,395,283
random,SCAN,161.0,100.15,58.13829059521215,4.0,193.0,189.0,66.01694915254237,47.04361176229438,0.1016949152542373,0.4745762711864407,0.9166666666666666,60.849999999999994,3917,233,397,346
random,SSTF,25.0,89.23333333333333,58.5910592345131,2.0,193.0,191.0,75.08474576271186,46.73484097040006,0.06779661016949153,0.4576271186440678,0.8166666666666667,64.23333333333333,4545,371,397,214
random,SSTF,22.0,92.25,48.502792015855476,7.0,198.0,191.0,56.728813559322035,43.39562990904185,0.1016949152542373,0.4915254237288136,0.9166666666666666,70.25,3420,369,390,367
random,SCAN,140.0,94.65,52.037430438739634,0.0,192.0,192.0,72.1864406779661,47.051531280137986,0.03389830508474576,0.559322033898305,0.85,45.349999999999994,4296,258,395,332
random,SSTF,153.0,104.33333333333333,60.52097891548756,2.0,194.0,192.0,75.71186440677967,49.897539373270085,0.06779661016949153,0.4745762711864407,0.8833333333333333,48.66666666666667,4505,243,395,233
random,SCAN,149.0,102.8,59.83220983160603,1.0,198.0,197.0,67.59322033898304,47.00418973178116,0.11864406779661017,0.5254237288135594,0.8333333333333334,46.2,4001,248,397,345
random,SCAN,0.0,105.5,57.53622047603289,6.0,197.0,191.0,55.779661016949156,44.965549071204734,0.15254237288135594,0.4915254237288136,0.9,105.5,3331,197,197,197
random,SSTF,79.0,104.86666666666666,65.3524971893874,1.0,194.0,193.0,82.62711864406779,58.699435017373084,0.0847457627118644,0.5084745762711864,0.9166666666666666,25.86666666666666,4905,318,397,314
random,SSTF,29.0,95.36666666666666,58.49215521950121,0.0,193.0,193.0,65.64406779661017,48.66654532941997,0.11864406779661017,0.4745762711864407,0.9333333333333333,66.36666666666666,3971,369,397,359
random,SSTF,70.0,110.9,53.84288872884391,8.0,196.0,188.0,64.15254237288136,47.20916801198469,0.13559322033898305,0.5084745762711864,0.8333333333333334,40.900000000000006,3786,320,397,250
random,SCAN,53.0,97.68333333333334,59.8265525405642,8.0,199.0,191.0,63.355932203389834,47.170000058161214,0.0847457627118644,0.4406779661016949,0.8,44.68333333333334,3750,337,397,339
random,SSTF,46.0,108.23333333333333,49.41806912006534,17.0,196.0,179.0,60.86440677966102,40.77198175014958,0.0847457627118644,0.5423728813559322,0.8666666666666667,62.233333333333334,3692,335,394,329
random,SSTF,191.0,109.8,58.90778103669044,4.0,198.0,194.0,68.0,49.88495238622836,0.11864406779661017,0.5423728813559322,0.8333333333333334,81.2,4122,203,395,201
random,SCAN,11.0,104.06666666666666,58.49041706885743,3.0,199.0,196.0,60.69491525423729,43.76836340511614,0.06779661016949153,0.5084745762711864,0.8166666666666667,93.06666666666666,3596,384,397,386
random,SCAN,164.0,107.93333333333334,57.81777888812018,1.0,199.0,198.0,61.898305084745765,45.218375938892265,0.1016949152542373,0.5423728813559322,0.8666666666666667,56.06666666666666,3680,233,397,361
random,SSTF,150.0,100.73333333333333,55.211975351568626,4.0,194.0,190.0,68.8135593220339,49.65695014296305,0.13559322033898305,0.4915254237288136,0.8833333333333333,49.266666666666666,4154,244,383,234
random,SSTF,13.0,97.4,59.17662826938802,0.0,197.0,197.0,66.30508474576271,46.54149023321461,0.13559322033898305,0.4406779661016949,0.8,84.4,4029,385,394,381
random,SSTF,37.0,103.38333333333334,60.64324410480986,0.0,198.0,198.0,56.16949152542373,42.724244910019,0.11864406779661017,0.559322033898305,0.8833333333333333,66.38333333333334,3422,361,395,235
random,SSTF,101.0,100.6,53.11314965869249,2.0,196.0,194.0,71.62711864406779,44.55234906210923,0.11864406779661017,0.4915254237288136,0.8666666666666667,0.4000000000000057,4266,295,397,293
random,SCAN,143.0,108.05,59.548978440719985,1.0,195.0,194.0,71.37288135593221,54.88752700305732,0.1864406779661017,0.559322033898305,0.85,34.95,4234,254,395,336
random,SCAN,107.0,86.83333333333333,56.0479457448908,1.0,188.0,187.0,69.84745762711864,48.38854520540643,0.15254237288135594,0.5084745762711864,0.8833333333333333,20.16666666666667,4208,290,397,293
random,SSTF,134.0,83.93333333333334,54.71619707383017,6.0,186.0,180.0,68.44067796610169,43.186733362497016,0.03389830508474576,0.559322033898305,0.8666666666666667,50.06666666666666,4157,258,393,232
random,SCAN,159.0,105.35,61.50415297630993,1.0,198.0,197.0,69.27118644067797,48.83900584382014,0.06779661016949153,0.5084745762711864,0.9333333333333333,53.650000000000006,4124,238,397,238
random,SSTF,34.0,98.11666666666666,61.20051515759941,1.0,197.0,196.0,69.03389830508475,56.900736077481014,0.2033898305084746,0.559322033898305,0.9,64.11666666666666,4196,363,397,229
random,SCAN,123.0,101.16666666666667,55.31942596311796,2.0,199.0,197.0,63.69491525423729,45.375739892100164,0.1016949152542373,0.5423728813559322,0.8666666666666667,21.83333333333333,3797,273,397,275
random,SCAN,180.0,105.93333333333334,53.61338970402409,1.0,199.0,198.0,50.779661016949156,40.83537341471226,0.1864406779661017,0.4745762711864407,0.8666666666666667,74.06666666666666,3155,217,391,377
random,SCAN,114.0,104.03333333333333,58.22770436446516,3.0,190.0,187.0,75.61016949152543,51.62840400371943,0.13559322033898305,0.4745762711864407,0.85,9.966666666666669,4485,281,397,298
random,SSTF,37.0,98.43333333333334,59.371251928484334,0.0,195.0,195.0,71.05084745762711,51.73282855334003,0.06779661016949153,0.5084745762711864,0.8666666666666667,61.43333333333334,4248,361,397,359
random,SSTF,42.0,112.51666666666667,57.77729994460532,1.0,197.0,196.0,63.83050847457627,48.404073418156315,0.13559322033898305,0.4576271186440678,0.8333333333333334,70.51666666666667,3921,355,384,351
random,SSTF,168.0,111.01666666666667,62.1445872318919,4.0,197.0,193.0,78.32203389830508,53.40584640057269,0.05084745762711865,0.4576271186440678,0.8166666666666667,56.983333333333334,4625,226,394,222
random,SSTF,74.0,102.5,57.77499459108586,3.0,197.0,194.0,62.932203389830505,45.96788282134904,0.1016949152542373,0.4576271186440678,0.8666666666666667,28.5,3750,321,397,265
random,SCAN,103.0,94.56666666666666,52.94851797317424,0.0,198.0,198.0,65.27118644067797,38.020882089498464,0.1016949152542373,0.5084745762711864,0.85,8.433333333333337,3954,295,397,301
random,SCAN,93.0,98.73333333333333,60.04300310795773,0.0,196.0,196.0,68.13559322033899,50.835213214996855,0.0847457627118644,0.4745762711864407,0.9,5.733333333333334,4067,305,397,305
random,SSTF,86.0,95.08333333333333,55.66725299092417,3.0,197.0,194.0,65.52542372881356,48.475174821479456,0.15254237288135594,0.4915254237288136,0.8166666666666667,9.083333333333329,3908,309,394,305
random,SSTF,193.0,112.66666666666667,52.72433551554306,3.0,194.0,191.0,58.389830508474574,45.54901139381977,0.13559322033898305,0.4745762711864407,0.9,80.33333333333333,3494,202,391,192
random,SCAN,100.0,88.76666666666667,52.74288788284371,2.0,197.0,195.0,65.11864406779661,47.37985152324602,0.0847457627118644,0.5084745762711864,0.8833333333333333,11.233333333333334,3900,296,395,297
random,SCAN,81.0,100.91666666666667,57.357444058194304,9.0,198.0,189.0,59.389830508474574,47.025422965200626,0.13559322033898305,0.4915254237288136,0.85,19.91666666666667,3606,308,397,308
random,SCAN,142.0,104.73333333333333,55.78197638026901,4.0,199.0,195.0,66.16949152542372,44.96897331225612,0.0847457627118644,0.4915254237288136,0.8333333333333334,37.266666666666666,4042,252,386,252
random,SSTF,193.0,105.98333333333333,58.9614257139549,2.0,197.0,195.0,60.016949152542374,44.11483148323277,0.13559322033898305,0.4576271186440678,0.8166666666666667,87.01666666666667,3717,203,396,199
random,SSTF,103.0,109.56666666666666,62.422049167119,0.0,197.0,197.0,76.2542372881356,54.20882197899594,0.1016949152542373,0.4576271186440678,0.8833333333333333,6.566666666666663,4512,295,394,291
random,SSTF,3.0,86.08333333333333,54.14311026242295,0.0,197.0,197.0,55.79661016949152,43.84865328933957,0.13559322033898305,0.5423728813559322,0.8666666666666667,83.08333333333333,3341,395,395,391
random,SCAN,100.0,107.2,64.84591994361197,1.0,194.0,193.0,67.64406779661017,55.26078779929574,0.1694915254237288,0.5423728813559322,0.8833333333333333,7.200000000000003,4022,297,387,298
random,SCAN,157.0,96.43333333333334,57.09564100894413,2.0,196.0,194.0,67.55932203389831,46.079618343243745,0.1016949152542373,0.4915254237288136,0.8833333333333333,60.56666666666666,4014,239,397,379
random,SCAN,105.0,100.58333333333333,53.95470064991764,2.0,191.0,189.0,68.03389830508475,46.53482971204086,0.0847457627118644,0.4915254237288136,0.8,4.416666666666671,4102,291,395,310
random,SCAN,21.0,112.13333333333334,56.24987901221556,5.0,199.0,194.0,71.98305084745763,49.94352455453678,0.13559322033898305,0.4745762711864407,0.85,91.13333333333334,4336,372,393,372
random,SCAN,81.0,94.9,61.3323460065459,0.0,199.0,199.0,84.0677966101695,48.98663408394056,0.0847457627118644,0.4915254237288136,0.9333333333333333,13.900000000000006,5027,317,389,317
random,SSTF,37.0,89.1,55.71166843669286,3.0,196.0,193.0,60.610169491525426,42.96984238054127,0.13559322033898305,0.423728813559322,0.8833333333333333,52.099999999999994,3580,358,396,227
random,SSTF,190.0,97.36666666666666,59.64030143749741,5.0,194.0,189.0,68.2542372881356,47.84954995815459,0.1016949152542373,0.5423728813559322,0.8833333333333333,92.63333333333334,4158,203,393,193
random,SSTF,73.0,112.38333333333334,56.75799258450058,1.0,198.0,197.0,63.0,46.305177804705856,0.11864406779661017,0.559322033898305,0.85,39.38333333333334,3736,324,386,322
random,SSTF,86.0,107.1,54.893138611912754,2.0,197.0,195.0,59.71186440677966,40.67275390336029,0.1016949152542373,0.5423728813559322,0.8333333333333334,21.099999999999994,3582,310,397,279
random,SCAN,112.0,107.13333333333334,56.352600255494465,7.0,194.0,187.0,60.6271186440678,43.80383788815412,0.13559322033898305,0.4406779661016949,0.8,4.86666666666666,3650,279,396,292
random,SCAN,136.0,103.3,56.69723685213122,0.0,199.0,199.0,68.98305084745763,45.35341129524944,0.03389830508474576,0.5423728813559322,0.85,32.7,4182,262,397,335
random,SCAN,123.0,104.65,59.10155807308862,0.0,198.0,198.0,77.64406779661017,43.020201290164266,0.06779661016949153,0.5423728813559322,0.8333333333333334,18.349999999999994,4682,275,396,335
random,SSTF,111.0,105.51666666666667,51.35415973630785,5.0,194.0,189.0,60.32203389830509,44.79309899858633,0.1016949152542373,0.559322033898305,0.9,5.483333333333334,3599,282,396,272
random,SCAN,144.0,115.2,48.83161544191086,0.0,196.0,196.0,54.3728813559322,37.46948964704019,0.15254237288135594,0.4576271186440678,0.9166666666666666,28.799999999999997,3308,254,396,340
random,SSTF,197.0,87.4,54.62118026309331,3.0,197.0,194.0,61.355932203389834,43.675522645622515,0.1016949152542373,0.5932203389830508,0.8666666666666667,109.6,3800,198,388,194
random,SCAN,56.0,95.26666666666667,63.63145623213587,1.0,199.0,198.0,74.08474576271186,51.994552561992535,0.11864406779661017,0.423728813559322,0.8666666666666667,39.266666666666666,4465,341,393,341
random,SSTF,11.0,102.1,51.557637649527734,2.0,189.0,187.0,65.86440677966101,40.720401594336245,0.06779661016949153,0.5423728813559322,0.9,91.1,3974,385,394,365
random,SSTF,191.0,87.48333333333333,61.38172683208651,0.0,198.0,198.0,76.11864406779661,52.36705030344446,0.11864406779661017,0.4406779661016949,0.8,103.51666666666667,4664,207,391,205
random,SCAN,185.0,105.33333333333333,59.19534516234269,1.0,199.0,198.0,68.33898305084746,46.60857932572526,0.11864406779661017,0.5084745762711864,0.9,79.66666666666667,4171,212,391,212
random,SCAN,37.0,100.55,59.35666910016655,0.0,199.0,199.0,75.9322033898305,48.320211726013454,0.1016949152542373,0.5423728813559322,0.7833333333333333,63.55,4566,361,383,361
random,SSTF,150.0,111.55,59.786683299878746,3.0,197.0,194.0,62.33898305084746,49.5305453331549,0.1694915254237288,0.559322033898305,0.9333333333333333,38.45,3726,245,387,241
random,SCAN,173.0,96.95,63.3814970371217,8.0,199.0,191.0,70.88135593220339,55.56034579878073,0.13559322033898305,0.5084745762711864,0.8166666666666667,76.05,4287,217,388,217
random,SCAN,186.0,105.08333333333333,56.630172071863676,1.0,199.0,198.0,68.23728813559322,45.34774824191266,0.06779661016949153,0.5084745762711864,0.8833333333333333,80.91666666666667,4029,211,395,211
random,SSTF,23.0,86.75,56.00851869730771,4.0,195.0,191.0,62.47457627118644,44.023243449381425,0.03389830508474576,0.4745762711864407,0.8666666666666667,63.75,3857,371,396,210
random,SSTF,5.0,99.23333333333333,61.016218244733004,2.0,198.0,196.0,64.33898305084746,51.38805841942617,0.13559322033898305,0.5084745762711864,0.85,94.23333333333333,3981,391,397,203
random,SSTF,186.0,101.08333333333333,54.7607802679578,2.0,198.0,196.0,63.152542372881356,45.97708108462045,0.1016949152542373,0.4745762711864407,0.85,84.91666666666667,3883,210,391,208
random,SCAN,20.0,92.76666666666667,59.11552719510802,1.0,196.0,195.0,59.28813559322034,41.70641979906919,0.13559322033898305,0.5084745762711864,0.9,72.76666666666667,3515,377,397,377
random,SSTF,70.0,97.06666666666666,59.036109477354806,6.0,197.0,191.0,69.8135593220339,42.62348941655401,0.06779661016949153,0.4576271186440678,0.8333333333333334,27.066666666666663,4158,322,390,255
random,SCAN,124.0,80.35,53.863043916956634,0.0,197.0,197.0,71.16949152542372,48.48908755179726,0.05084745762711865,0.4745762711864407,0.8166666666666667,43.650000000000006,4240,274,395,321
random,SSTF,89.0,100.36666666666666,61.003542702225275,1.0,198.0,197.0,87.27118644067797,52.20650992216752,0.06779661016949153,0.5932203389830508,0.9,11.36666666666666,5256,308,395,285
random,SSTF,91.0,95.98333333333333,57.875582550463854,1.0,192.0,191.0,68.2542372881356,45.340741293327355,0.06779661016949153,0.4745762711864407,0.8833333333333333,4.983333333333334,4077,306,393,292
random,SSTF,53.0,97.33333333333333,51.75572968817613,0.0,194.0,194.0,65.64406779661017,49.56138556764969,0.1694915254237288,0.4915254237288136,0.85,44.33333333333333,3920,345,394,335
random,SCAN,148.0,105.83333333333333,53.58300933028015,1.0,198.0,197.0,60.25423728813559,45.2741529211023,0.2033898305084746,0.5254237288135594,0.85,42.16666666666667,3678,249,395,344
random,SSTF,7.0,104.28333333333333,57.694624725551535,4.0,197.0,193.0,64.89830508474576,48.026015165954405,0.1016949152542373,0.4745762711864407,0.8333333333333334,97.28333333333333,3875,387,395,383
random,SSTF,157.0,106.08333333333333,56.375612832342874,1.0,198.0,197.0,62.05084745762712,38.80215952788682,0.06779661016949153,0.4576271186440678,0.8,50.91666666666667,3686,240,390,238
random,SSTF,53.0,101.1,58.33400951989043,6.0,194.0,188.0,69.71186440677967,46.48931017912362,0.06779661016949153,0.4745762711864407,0.85,48.099999999999994,4194,339,380,329
random,SSTF,45.0,101.86666666666666,62.208913259185685,2.0,198.0,196.0,80.96610169491525,53.33519399703654,0.11864406779661017,0.5254237288135594,0.85,56.86666666666666,4806,351,389,349
random,SCAN,23.0,89.45,53.109454588299684,0.0,199.0,199.0,62.067796610169495,43.250889833808735,0.05084745762711865,0.5254237288135594,0.8666666666666667,66.45,3765,375,391,375
random,SSTF,108.0,94.06666666666666,55.54663706192202,9.0,198.0,189.0,69.61016949152543,46.210651405937824,0.06779661016949153,0.4915254237288136,0.95,13.933333333333337,4154,281,395,279
random,SCAN,123.0,108.11666666666666,55.34229596088531,1.0,198.0,197.0,72.16949152542372,43.50809491887995,0.05084745762711865,0.5423728813559322,0.8833333333333333,14.88333333333334,4357,274,397,321
random,SSTF,75.0,96.91666666666667,60.318679159573406,1.0,197.0,196.0,64.15254237288136,52.255180120908044,0.05084745762711865,0.559322033898305,0.7833333333333333,21.91666666666667,3798,322,396,270
random,SCAN,137.0,91.28333333333333,55.70430613715803,0.0,199.0,199.0,81.52542372881356,45.81960054727649,0.06779661016949153,0.5084745762711864,0.85,45.71666666666667,4824,261,397,263
random,SCAN,148.0,103.55,55.30956065636392,7.0,198.0,191.0,66.57627118644068,49.01788099543258,0.13559322033898305,0.5423728813559322,0.8833333333333333,44.45,3996,243,392,340
random,SCAN,97.0,103.76666666666667,62.674919669318726,4.0,199.0,195.0,89.54237288135593,48.6217925730171,0.03389830508474576,0.4576271186440678,0.85,6.766666666666666,5351,297,389,297
random,SCAN,106.0,105.58333333333333,62.581757636621944,0.0,197.0,197.0,73.77966101694915,49.702527916002644,0.1016949152542373,0.5254237288135594,0.8166666666666667,0.4166666666666714,4405,292,396,303
random,SSTF,184.0,99.63333333333334,56.207047798494294,0.0,195.0,195.0,53.0,43.21448282027367,0.15254237288135594,0.5423728813559322,0.8833333333333333,84.36666666666666,3311,214,397,208
random,SCAN,156.0,102.3,52.646399053813106,3.0,195.0,192.0,62.28813559322034,43.700463809918006,0.06779661016949153,0.4915254237288136,0.9333333333333333,53.7,3784,239,394,347
random,SSTF,88.0,104.35,54.53342247343978,1.0,197.0,196.0,63.83050847457627,47.340151211108385,0.13559322033898305,0.5254237288135594,0.9,16.349999999999994,3774,309,392,305
random,SCAN,172.0,92.5,54.746841613618834,0.0,197.0,197.0,54.728813559322035,44.91756310023447,0.15254237288135594,0.5084745762711864,0.9166666666666666,79.5,3312,226,395,369
random,SSTF,72.0,110.0,53.80768222723096,3.0,199.0,196.0,63.779661016949156,44.20601531144375,0.0847457627118644,0.5254237288135594,0.8666666666666667,38.0,3784,323,397,271
random,SCAN,168.0,93.78333333333333,52.99090854938127,1.0,188.0,187.0,68.30508474576271,41.36208623286779,0.05084745762711865,0.5084745762711864,0.8666666666666667,74.21666666666667,4147,229,396,354
random,SSTF,37.0,102.06666666666666,58.75879130441296,4.0,197.0,193.0,72.71186440677967,51.41491271086979,0.11864406779661017,0.4915254237288136,0.9166666666666666,65.06666666666666,4435,357,397,226
random,SSTF,70.0,98.73333333333333,56.19456280538971,1.0,195.0,194.0,72.38983050847457,44.11195961785426,0.03389830508474576,0.5254237288135594,0.8833333333333333,28.733333333333334,4298,327,392,263
random,SCAN,126.0,91.31666666666666,58.63431636469855,0.0,199.0,199.0,65.62711864406779,47.36797827936146,0.06779661016949153,0.5423728813559322,0.8333333333333334,34.68333333333334,3927,272,394,325
bursty,SSTF,147.0,71.35,34.51271504822534,19.0,114.0,95.0,38.86440677966102,30.124857480283815,0.3389830508474576,0.5254237288135594,0.5666666666666667,75.65,2376,232,365,128
bursty,SSTF,68.0,65.81666666666666,50.507257454306064,9.0,149.0,140.0,49.52542372881356,44.16776795939963,0.3050847457627119,0.5932203389830508,0.75,2.183333333333337,2970,321,373,221
bursty,SSTF,164.0,105.41666666666667,62.2974830060484,22.0,195.0,173.0,67.32203389830508,55.26927631458398,0.2542372881355932,0.5254237288135594,0.6333333333333333,58.58333333333333,4015,212,370,204
bursty,SSTF,68.0,91.01666666666667,28.246233770579433,49.0,136.0,87.0,33.440677966101696,27.309445306160878,0.3559322033898305,0.4915254237288136,0.5,23.016666666666666,2035,281,389,106
bursty,SCAN,3.0,138.41666666666666,12.730922546653439,113.0,163.0,50.0,14.135593220338983,11.236227165702733,0.5084745762711864,0.4745762711864407,0.5666666666666667,135.41666666666666,974,160,160,160
bursty,SSTF,165.0,66.95,69.25302039141205,11.0,182.0,171.0,63.355932203389834,70.3597927150916,0.5084745762711864,0.4745762711864407,0.45,98.05,3740,222,397,192
bursty,SCAN,53.0,120.6,44.572113853095786,53.0,173.0,120.0,44.847457627118644,38.589457399008595,0.2542372881355932,0.5254237288135594,0.6833333333333333,67.6,2654,120,120,120
bursty,SCAN,182.0,113.98333333333333,48.396450168260166,50.0,199.0,149.0,46.152542372881356,41.88515920147553,0.22033898305084745,0.5254237288135594,0.8,68.01666666666667,2740,166,395,289
bursty,SSTF,137.0,51.13333333333333,16.703758725375426,29.0,74.0,45.0,16.06779661016949,15.192398195863728,0.5423728813559322,0.5084745762711864,0.4166666666666667,85.86666666666667,1025,232,335,108
bursty,SSTF,72.0,115.58333333333333,43.59139504790162,19.0,159.0,140.0,36.88135593220339,45.96390800225122,0.5084745762711864,0.4576271186440678,0.5,43.58333333333333,2229,307,356,193
bursty,SSTF,49.0,93.08333333333333,48.77133436308213,1.0,184.0,183.0,58.59322033898305,44.148101536650856,0.1694915254237288,0.4576271186440678,0.7833333333333333,44.08333333333333,3484,348,382,318
bursty,SSTF,62.0,86.06666666666666,42.75272570907679,25.0,147.0,122.0,50.610169491525426,34.30571279655543,0.2033898305084746,0.576271186440678,0.5,24.066666666666663,3016,311,394,175
bursty,SSTF,173.0,118.81666666666666,34.01004345124475,67.0,167.0,100.0,42.16949152542373,28.69486019196415,0.2033898305084746,0.5254237288135594,0.5666666666666667,54.18333333333334,2541,158,392,106
bursty,SSTF,185.0,143.26666666666668,30.00492552157988,102.0,187.0,85.0,36.57627118644068,26.442264185362262,0.2711864406779661,0.4576271186440678,0.5833333333333334,41.73333333333332,2160,111,397,109
bursty,SSTF,63.0,89.5,28.33049005341536,32.0,123.0,91.0,32.13559322033898,27.50991046515114,0.3728813559322034,0.5423728813559322,0.5333333333333333,26.5,1926,303,381,122
bursty,SSTF,109.0,74.66666666666667,41.68599551674665,22.0,130.0,108.0,47.779661016949156,37.403465712988655,0.2711864406779661,0.559322033898305,0.5666666666666667,34.33333333333333,2893,267,397,141
bursty,SCAN,31.0,51.11666666666667,6.713398708718425,36.0,65.0,29.0,6.8474576271186445,5.458048199357498,0.7288135593220338,0.5084745762711864,0.38333333333333336,20.116666666666667,433,34,34,34
bursty,SSTF,183.0,83.53333333333333,31.255115136921543,45.0,128.0,83.0,35.71186440677966,28.630936715412464,0.3728813559322034,0.4576271186440678,0.6,99.46666666666667,2220,170,343,138
bursty,SSTF,67.0,54.233333333333334,17.452188656122445,25.0,80.0,55.0,21.135593220338983,13.61387331665709,0.2542372881355932,0.559322033898305,0.55,12.766666666666666,1282,306,391,68
bursty,SSTF,150.0,81.08333333333333,27.965628705410666,42.0,115.0,73.0,30.694915254237287,25.879940689220366,0.4406779661016949,0.5084745762711864,0.5,68.91666666666667,1857,206,363,108
bursty,SSTF,168.0,103.48333333333333,29.72568567567263,69.0,143.0,74.0,29.16949152542373,27.19742793320963,0.5084745762711864,0.4576271186440678,0.48333333333333334,64.51666666666667,1810,161,373,99
bursty,SCAN,139.0,105.93333333333334,42.394129572645106,26.0,174.0,148.0,49.728813559322035,33.493146533194725,0.05084745762711865,0.4915254237288136,0.8,33.06666666666666,3047,233,397,263
bursty,SSTF,101.0,118.05,28.91333314118822,75.0,157.0,82.0,33.6271186440678,24.98670718133113,0.3050847457627119,0.4915254237288136,0.5333333333333333,17.049999999999997,1990,222,397,140
bursty,SCAN,20.0,130.46666666666667,12.497288594820166,95.0,154.0,59.0,13.067796610169491,9.99298806160152,0.559322033898305,0.4406779661016949,0.5333333333333333,110.46666666666667,882,134,134,134
bursty,SCAN,2.0,165.35,8.231696868406498,153.0,182.0,29.0,8.59322033898305,6.559037352031854,0.6949152542372882,0.5254237288135594,0.4,163.35,675,180,180,180
bursty,SSTF,75.0,98.1,61.56912104835237,6.0,170.0,164.0,71.11864406779661,55.15650606114669,0.3050847457627119,0.4745762711864407,0.5833333333333334,23.099999999999994,4257,317,350,259
bursty,SSTF,179.0,48.46666666666667,27.510280906518485,6.0,88.0,82.0,27.76271186440678,25.518580125642615,0.4915254237288136,0.576271186440678,0.5166666666666667,130.53333333333333,1747,213,307,173
bursty,SSTF,131.0,22.8,6.071243694664217,8.0,36.0,28.0,7.186440677966102,5.58592230604694,0.6779661016949152,0.5084745762711864,0.38333333333333336,108.2,524,259,303,123
bursty,SSTF,93.0,107.31666666666666,21.443329706202086,63.0,135.0,72.0,23.47457627118644,18.56035133745066,0.3728813559322034,0.4576271186440678,0.65,14.316666666666663,1414,242,394,102
bursty,SCAN,58.0,115.33333333333333,40.878546397292006,58.0,187.0,129.0,44.94915254237288,34.154397056087326,0.23728813559322035,0.4915254237288136,0.7,57.33333333333333,2711,129,129,129
bursty,SSTF,88.0,91.63333333333334,40.338966548763025,42.0,148.0,106.0,43.57627118644068,35.8420278774393,0.3389830508474576,0.5254237288135594,0.6166666666666667,3.63333333333334,2617,268,397,184
bursty,SCAN,78.0,162.01666666666668,23.73428719993269,119.0,188.0,69.0,28.1864406779661,22.096456174391854,0.3728813559322034,0.576271186440678,0.5333333333333333,84.01666666666668,1758,110,110,110
bursty,SSTF,172.0,72.18333333333334,29.289640754976073,35.0,116.0,81.0,27.016949152542374,25.952689371384693,0.4406779661016949,0.5254237288135594,0.5666666666666667,99.81666666666666,1731,191,342,137
bursty,SSTF,178.0,63.4,61.880045248852234,15.0,170.0,155.0,49.42372881355932,61.78727952839224,0.5254237288135594,0.4067796610169492,0.48333333333333334,114.6,2928,205,390,163
bursty,SSTF,145.0,101.55,50.9690837665344,33.0,159.0,126.0,60.355932203389834,47.12326522882208,0.3050847457627119,0.5254237288135594,0.5666666666666667,43.45,3659,220,397,140
bursty,SCAN,10.0,113.55,39.136694205481035,55.0,184.0,129.0,42.25423728813559,36.15578028679625,0.3389830508474576,0.5084745762711864,0.5333333333333333,103.55,2538,174,174,174
bursty,SSTF,93.0,103.3,58.4848413408694,20.0,175.0,155.0,73.0,50.22154308492033,0.23728813559322035,0.4745762711864407,0.5166666666666667,10.299999999999997,4336,285,337,237
bursty,SSTF,123.0,111.13333333333334,29.615011208657155,50.0,155.0,105.0,33.32203389830509,24.350854005116776,0.23728813559322035,0.5254237288135594,0.7166666666666667,11.86666666666666,1981,225,397,178
bursty,SSTF,130.0,90.91666666666667,46.25879796199734,32.0,147.0,115.0,48.644067796610166,43.54960651396092,0.4067796610169492,0.5254237288135594,0.5166666666666667,39.08333333333333,2952,236,392,132
bursty,SSTF,180.0,129.16666666666666,50.59946200855851,52.0,187.0,135.0,45.779661016949156,41.77139877736074,0.3898305084745763,0.5423728813559322,0.6166666666666667,50.83333333333334,2706,166,397,142
bursty,SSTF,157.0,27.983333333333334,12.329492645234389,10.0,54.0,44.0,14.491525423728813,10.353698890924436,0.4745762711864407,0.4406779661016949,0.5666666666666667,129.01666666666665,972,231,295,147
bursty,SSTF,77.0,79.78333333333333,37.26977849261904,37.0,151.0,114.0,35.389830508474574,35.6470537205296,0.3728813559322034,0.4745762711864407,0.7166666666666667,2.7833333333333314,2114,284,397,154
bursty,SSTF,142.0,87.15,48.15212871722287,4.0,136.0,132.0,48.440677966101696,45.86984947725233,0.3728813559322034,0.5084745762711864,0.6666666666666666,54.849999999999994,2877,252,392,138
bursty,SSTF,89.0,111.8,24.973852993347528,52.0,149.0,97.0,30.271186440677965,23.897968503459836,0.2711864406779661,0.5084745762711864,0.6833333333333333,22.799999999999997,1824,257,390,136
bursty,SSTF,188.0,93.06666666666666,30.81009935430625,45.0,133.0,88.0,31.915254237288135,25.61004049367954,0.2711864406779661,0.5084745762711864,0.5333333333333333,94.93333333333334,1967,165,343,143
bursty,SSTF,132.0,61.71666666666667,52.095454589521424,10.0,136.0,126.0,68.86440677966101,48.738478039401706,0.3050847457627119,0.559322033898305,0.5666666666666667,70.28333333333333,4180,256,397,154
bursty,SSTF,46.0,26.016666666666666,11.161677990139097,6.0,54.0,48.0,13.40677966101695,9.122738668615774,0.423728813559322,0.4915254237288136,0.5833333333333334,19.983333333333334,800,346,397,90
bursty,SCAN,33.0,120.26666666666667,10.359965679908832,99.0,144.0,45.0,13.135593220338983,9.442883836867008,0.4067796610169492,0.559322033898305,0.5666666666666667,87.26666666666667,859,111,111,111
bursty,SSTF,160.0,48.18333333333333,27.22896231751935,15.0,106.0,91.0,28.915254237288135,25.951250344191298,0.4067796610169492,0.5084745762711864,0.5833333333333334,111.81666666666666,1836,223,344,145
bursty,SSTF,124.0,90.78333333333333,47.51038190636746,18.0,138.0,120.0,48.79661016949152,41.906991310668424,0.2711864406779661,0.5423728813559322,0.55,33.21666666666667,2978,256,385,134
bursty,SCAN,19.0,152.98333333333332,17.717685765609712,119.0,183.0,64.0,19.728813559322035,13.863536502461065,0.3220338983050847,0.5254237288135594,0.5833333333333334,133.98333333333332,1272,164,164,164
bursty,SSTF,139.0,123.1,45.154069584036385,66.0,191.0,125.0,51.13559322033898,40.37806823189558,0.2542372881355932,0.5254237288135594,0.7333333333333333,15.900000000000006,3062,193,356,177
bursty,SSTF,139.0,117.41666666666667,19.086899230158423,77.0,149.0,72.0,18.8135593220339,14.591005560393363,0.3898305084745763,0.4576271186440678,0.65,21.58333333333333,1156,182,397,136
bursty,SSTF,190.0,143.75,28.957224199383017,91.0,174.0,83.0,31.52542372881356,28.380200744744197,0.3728813559322034,0.4576271186440678,0.55,46.25,1956,117,382,99
bursty,SSTF,106.0,107.78333333333333,20.5281040419118,60.0,139.0,79.0,22.627118644067796,18.440833748095734,0.3898305084745763,0.5254237288135594,0.6666666666666666,1.7833333333333314,1342,232,396,125
bursty,SSTF,187.0,105.65,61.5843121257354,39.0,174.0,135.0,61.23728813559322,58.741126696098945,0.4915254237288136,0.5254237288135594,0.4666666666666667,81.35,3758,172,385,148
bursty,SSTF,148.0,143.3,8.937374707746491,125.0,160.0,35.0,9.389830508474576,7.255662777731197,0.6610169491525424,0.4915254237288136,0.45,4.699999999999989,556,125,397,58
bursty,SSTF,123.0,77.5,30.870968022831203,27.0,118.0,91.0,34.83050847457627,26.692316257662632,0.23728813559322035,0.5084745762711864,0.65,45.5,2136,248,393,96
bursty,SSTF,152.0,155.01666666666668,21.19551184147772,129.0,185.0,56.0,22.677966101694917,19.805358526715246,0.4915254237288136,0.4745762711864407,0.4666666666666667,3.01666666666668,1364,117,392,79
bursty,SSTF,134.0,58.016666666666666,37.08615719585348,14.0,103.0,89.0,47.05084745762712,34.96362454973307,0.3898305084745763,0.4745762711864407,0.45,75.98333333333333,2889,250,367,120
bursty,SSTF,161.0,90.7,58.663248006453465,33.0,177.0,144.0,62.0,57.12697721237952,0.3728813559322034,0.559322033898305,0.5833333333333334,70.3,3766,204,397,162
bursty,SCAN,15.0,125.6,39.45469976230124,37.0,165.0,128.0,41.76271186440678,39.49998454539532,0.3050847457627119,0.5423728813559322,0.6666666666666666,110.6,2500,150,150,150
bursty,SSTF,153.0,97.66666666666667,46.57133119086128,29.0,177.0,148.0,48.898305084745765,35.36190371593981,0.23728813559322035,0.4576271186440678,0.6833333333333333,55.33333333333333,2889,216,395,184
bursty,SCAN,9.0,43.81666666666667,26.686758056301173,10.0,77.0,67.0,29.864406779661017,25.5677614983776,0.4745762711864407,0.5084745762711864,0.4,34.81666666666667,1765,68,68,68
bursty,SSTF,87.0,111.01666666666667,75.28645111985438,4.0,192.0,188.0,91.8135593220339,71.10829043569504,0.288135593220339,0.5084745762711864,0.5666666666666667,24.016666666666666,5509,307,332,293
bursty,SSTF,108.0,92.15,32.15059615828816,37.0,143.0,106.0,40.52542372881356,25.775665788769693,0.1694915254237288,0.5254237288135594,0.6333333333333333,15.849999999999994,2401,253,396,177
bursty,SSTF,114.0,137.4,55.33690751508737,60.0,195.0,135.0,51.644067796610166,53.17918629162608,0.4576271186440678,0.559322033898305,0.5666666666666667,23.400000000000006,3122,224,371,189
bursty,SCAN,128.0,108.26666666666667,53.987303034036515,30.0,175.0,145.0,69.57627118644068,46.80801155163487,0.2033898305084746,0.4915254237288136,0.7,19.733333333333334,4136,240,395,242
bursty,SSTF,192.0,40.7,21.77942454091323,12.0,87.0,75.0,25.52542372881356,19.528645567519774,0.288135593220339,0.4915254237288136,0.65,151.3,1673,194,293,180
bursty,SCAN,18.0,150.33333333333334,35.43334901222607,104.0,199.0,95.0,38.57627118644068,31.37050508815215,0.3559322033898305,0.5084745762711864,0.5666666666666667,132.33333333333334,2378,181,181,181
bursty,SCAN,161.0,84.66666666666667,57.428989969255845,20.0,174.0,154.0,61.186440677966104,51.37283941640863,0.3050847457627119,0.5084745762711864,0.6333333333333333,76.33333333333333,3615,217,395,231
bursty,SSTF,94.0,40.516666666666666,8.95822092952737,22.0,56.0,34.0,9.033898305084746,7.353002619004149,0.6440677966101694,0.5254237288135594,0.45,53.483333333333334,578,282,360,72
bursty,SSTF,160.0,97.08333333333333,37.2407893161368,35.0,143.0,108.0,41.220338983050844,34.62098305481375,0.288135593220339,0.559322033898305,0.65,62.91666666666667,2543,203,381,125
bursty,SCAN,31.0,102.51666666666667,29.366359249242247,52.0,143.0,91.0,31.35593220338983,25.491615578636107,0.3389830508474576,0.5084745762711864,0.6,71.51666666666667,1929,112,112,112
bursty,SSTF,45.0,73.91666666666667,66.5127285228591,16.0,187.0,171.0,77.50847457627118,67.14956059054737,0.2542372881355932,0.5423728813559322,0.5833333333333334,28.91666666666667,4600,337,397,244
bursty,SSTF,52.0,84.75,49.477141186612634,8.0,153.0,145.0,49.559322033898304,45.93040837070452,0.3728813559322034,0.5254237288135594,0.6166666666666667,32.75,2954,338,384,189
bursty,SSTF,198.0,89.53333333333333,29.729035563831456,31.0,129.0,98.0,34.83050847457627,27.40045313393272,0.288135593220339,0.5254237288135594,0.65,108.46666666666667,2190,169,329,167
bursty,SSTF,77.0,75.45,38.04883922889984,21.0,119.0,98.0,34.91525423728814,34.495044171489184,0.4915254237288136,0.5254237288135594,0.6333333333333333,1.5499999999999972,2102,300,365,140
bursty,SCAN,33.0,127.3,44.547839453782714,52.0,188.0,136.0,53.152542372881356,41.72907516199375,0.3559322033898305,0.5084745762711864,0.6666666666666666,94.3,3161,155,155,155
bursty,SSTF,101.0,70.43333333333334,59.381076297270184,9.0,176.0,167.0,64.61016949152543,56.22955883173858,0.3220338983050847,0.4576271186440678,0.55,30.566666666666663,3898,288,378,259
bursty,SSTF,140.0,136.68333333333334,48.95558928480202,65.0,194.0,129.0,49.08474576271186,44.80098672324128,0.4067796610169492,0.4745762711864407,0.55,3.316666666666663,2937,193,333,183
bursty,SSTF,94.0,83.16666666666667,72.09465229050548,8.0,168.0,160.0,68.32203389830508,70.23144321600007,0.5254237288135594,0.6101694915254238,0.4,10.833333333333329,4111,296,329,234
bursty,SCAN,6.0,110.38333333333334,50.32729268387968,14.0,171.0,157.0,58.016949152542374,45.41279276398374,0.2542372881355932,0.559322033898305,0.7333333333333333,104.38333333333334,3574,165,165,165
bursty,SSTF,146.0,121.63333333333334,6.836097002107433,109.0,140.0,31.0,9.35593220338983,5.592860799949075,0.576271186440678,0.5084745762711864,0.4,24.36666666666666,580,143,392,37
bursty,SSTF,174.0,155.46666666666667,7.301750170716303,138.0,171.0,33.0,8.288135593220339,6.270865772836835,0.6610169491525424,0.4576271186440678,0.43333333333333335,18.53333333333333,514,86,395,36
bursty,SSTF,106.0,100.88333333333334,33.05555508870214,48.0,153.0,105.0,33.88135593220339,27.73609576582363,0.3389830508474576,0.5084745762711864,0.7333333333333333,5.11666666666666,2023,244,380,152
bursty,SSTF,155.0,134.01666666666668,11.638286910977158,111.0,161.0,50.0,13.0,9.81696905138914,0.4745762711864407,0.5084745762711864,0.5166666666666667,20.98333333333332,775,132,393,94
bursty,SSTF,191.0,82.46666666666667,43.237509435931,33.0,147.0,114.0,51.13559322033898,40.7041652918435,0.3559322033898305,0.5084745762711864,0.5166666666666667,108.53333333333333,3128,174,354,158
bursty,SCAN,140.0,110.2,38.95073811880848,60.0,188.0,128.0,42.49152542372882,35.68001523967711,0.22033898305084745,0.5254237288135594,0.7333333333333333,29.799999999999997,2563,198,392,208
bursty,SSTF,192.0,111.81666666666666,25.655078552901678,65.0,151.0,86.0,31.64406779661017,20.44402255010745,0.2033898305084746,0.5254237288135594,0.6833333333333333,80.18333333333334,1916,141,357,127
bursty,SCAN,6.0,65.21666666666667,26.86204985145814,23.0,110.0,87.0,31.661016949152543,20.781029622859247,0.2542372881355932,0.4745762711864407,0.6666666666666666,59.21666666666667,1967,104,104,104
bursty,SSTF,55.0,122.16666666666667,48.951052650127515,35.0,175.0,140.0,54.08474576271186,47.41496872121365,0.2711864406779661,0.5254237288135594,0.6833333333333333,67.16666666666667,3269,308,396,160
bursty,SSTF,99.0,72.05,8.454633837921861,46.0,89.0,43.0,9.033898305084746,6.248975785081864,0.6779661016949152,0.559322033898305,0.4666666666666667,26.950000000000003,565,253,388,53
bursty,SCAN,61.0,147.33333333333334,19.108171608561147,120.0,178.0,58.0,20.949152542372882,17.74912146674132,0.4745762711864407,0.5254237288135594,0.4666666666666667,86.33333333333334,1308,117,117,117
bursty,SCAN,47.0,95.43333333333334,44.86177536487927,47.0,165.0,118.0,41.20338983050848,39.64152063178927,0.3898305084745763,0.5084745762711864,0.5833333333333334,48.43333333333334,2542,118,118,118
bursty,SSTF,24.0,67.93333333333334,58.53712971743281,6.0,146.0,140.0,68.13559322033899,54.614041041525006,0.3050847457627119,0.4745762711864407,0.5333333333333333,43.93333333333334,4125,368,397,162
bursty,SSTF,161.0,81.96666666666667,54.085724138219284,11.0,176.0,165.0,59.86440677966102,48.70299389645977,0.288135593220339,0.6101694915254238,0.5833333333333334,79.03333333333333,3540,226,349,180
bursty,SSTF,167.0,94.06666666666666,40.45362227978547,23.0,149.0,126.0,43.47457627118644,35.245077036785275,0.2542372881355932,0.4406779661016949,0.6,72.93333333333334,2617,208,380,144
bursty,SCAN,10.0,75.85,21.320432297055643,36.0,119.0,83.0,24.966101694915253,15.480951774812327,0.1694915254237288,0.5423728813559322,0.7,65.85,1511,109,109,109
bursty,SSTF,198.0,131.71666666666667,28.22770014640859,88.0,185.0,97.0,27.220338983050848,23.185375136582834,0.3898305084745763,0.5423728813559322,0.6166666666666667,66.28333333333333,1716,112,385,110
bursty,SCAN,4.0,61.85,45.977104809531745,15.0,164.0,149.0,53.440677966101696,47.54418861150963,0.1864406779661017,0.5423728813559322,0.6666666666666666,57.85,3192,160,160,160
bursty,SSTF,137.0,156.85,30.869523805850974,81.0,194.0,113.0,29.491525423728813,31.122705691142745,0.3728813559322034,0.5084745762711864,0.6666666666666666,19.849999999999994,1761,180,353,170
bursty,SSTF,185.0,54.03333333333333,17.019563906150932,17.0,87.0,70.0,20.88135593220339,15.843605078714296,0.3389830508474576,0.5423728813559322,0.6833333333333333,130.96666666666667,1347,196,300,168
bursty,SCAN,41.0,125.51666666666667,17.73273025290303,92.0,152.0,60.0,20.93220338983051,15.609497767987351,0.3220338983050847,0.5423728813559322,0.5666666666666667,84.51666666666667,1332,111,111,111
bursty,SSTF,135.0,105.23333333333333,57.47821809655859,42.0,173.0,131.0,53.20338983050848,54.863089892721554,0.5423728813559322,0.576271186440678,0.43333333333333335,29.766666666666666,3225,221,319,169
bursty,SCAN,0.0,168.7,7.870408714503545,149.0,184.0,35.0,8.084745762711865,5.989505329149126,0.6779661016949152,0.5254237288135594,0.45,168.7,636,184,184,184
bursty,SSTF,178.0,90.0,27.639343938185892,54.0,138.0,84.0,35.898305084745765,25.989368696889418,0.3050847457627119,0.4915254237288136,0.6666666666666666,88.0,2222,166,358,124
bursty,SSTF,26.0,92.76666666666667,44.031566959272396,19.0,162.0,143.0,45.389830508474574,35.46734805334865,0.2033898305084746,0.4406779661016949,0.7166666666666667,66.76666666666667,2805,353,391,150
bursty,SSTF,112.0,123.35,58.86901420385204,35.0,190.0,155.0,68.66101694915254,58.14902251375166,0.423728813559322,0.5254237288135594,0.48333333333333334,11.349999999999994,4110,251,340,233
bursty,SSTF,126.0,75.58333333333333,51.99977296958987,34.0,170.0,136.0,53.728813559322035,56.715415208928626,0.4745762711864407,0.5254237288135594,0.5333333333333333,50.41666666666667,3247,238,330,180
bursty,SSTF,128.0,89.1,47.099079962705574,12.0,141.0,129.0,38.54237288135593,36.44002364410584,0.3898305084745763,0.576271186440678,0.5833333333333334,38.900000000000006,2316,258,397,142
bursty,SSTF,119.0,83.31666666666666,32.72027489017916,15.0,119.0,104.0,33.067796610169495,30.077788644136465,0.3728813559322034,0.4576271186440678,0.6166666666666667,35.68333333333334,2042,264,396,104
bursty,SCAN,195.0,140.91666666666666,51.27842030414831,66.0,199.0,133.0,54.152542372881356,48.23382790690875,0.3898305084745763,0.4745762711864407,0.65,54.08333333333334,3320,137,394,137
bursty,SSTF,169.0,119.68333333333334,25.1041109957889,82.0,163.0,81.0,27.983050847457626,20.866396248208385,0.2711864406779661,0.559322033898305,0.6166666666666667,49.31666666666666,1738,147,392,87
bursty,SCAN,157.0,136.88333333333333,30.46204833705194,91.0,186.0,95.0,36.33898305084746,24.20016120515822,0.2542372881355932,0.4745762711864407,0.5333333333333333,20.116666666666674,2165,150,384,161
bursty,SSTF,63.0,106.51666666666667,65.6750819480942,25.0,182.0,157.0,62.03389830508475,61.374362809131846,0.423728813559322,0.4915254237288136,0.5666666666666667,43.516666666666666,3685,310,387,195
bursty,SSTF,146.0,94.56666666666666,64.27606259115615,24.0,167.0,143.0,79.49152542372882,61.26197506772457,0.3898305084745763,0.4576271186440678,0.43333333333333335,51.43333333333334,4708,228,290,164
bursty,SSTF,77.0,78.73333333333333,44.84709825866354,19.0,152.0,133.0,46.52542372881356,38.62174496501275,0.3220338983050847,0.5254237288135594,0.7,1.7333333333333343,2800,302,397,227
bursty,SSTF,180.0,145.68333333333334,25.933563623656166,97.0,178.0,81.0,29.47457627118644,23.044802298046456,0.288135593220339,0.5084745762711864,0.6166666666666667,34.31666666666666,1772,121,396,83
bursty,SCAN,4.0,126.95,24.777964000296716,91.0,158.0,67.0,23.220338983050848,21.532842709204182,0.5084745762711864,0.5084745762711864,0.5666666666666667,122.95,1512,154,154,154
bursty,SCAN,15.0,90.16666666666667,50.71165765602838,36.0,192.0,156.0,54.30508474576271,51.24128838312235,0.288135593220339,0.4576271186440678,0.6666666666666666,75.16666666666667,3269,177,177,177
bursty,SCAN,31.0,106.31666666666666,45.09711434473632,57.0,166.0,109.0,44.52542372881356,43.697091371302726,0.5084745762711864,0.5254237288135594,0.5,75.31666666666666,2671,135,135,135
bursty,SCAN,76.0,150.8,35.91137238628826,79.0,188.0,109.0,43.220338983050844,35.36399959961685,0.3559322033898305,0.4576271186440678,0.5666666666666667,74.80000000000001,2624,112,112,112
bursty,SSTF,68.0,66.3,24.443335833446845,30.0,105.0,75.0,27.593220338983052,20.213369165461938,0.2711864406779661,0.4915254237288136,0.65,1.7000000000000028,1656,300,397,116
bursty,SSTF,162.0,99.7,60.316470940089545,19.0,175.0,156.0,62.728813559322035,53.233362327529655,0.3389830508474576,0.5423728813559322,0.7,62.3,3808,217,396,169
bursty,SSTF,52.0,78.1,12.560122080086112,45.0,105.0,60.0,14.474576271186441,10.205276023643798,0.3898305084745763,0.5084745762711864,0.5833333333333334,26.099999999999994,892,301,391,113
bursty,SCAN,52.0,170.0,12.277350419912812,136.0,199.0,63.0,12.508474576271187,9.180622336565303,0.4915254237288136,0.4576271186440678,0.5833333333333334,118.0,857,147,147,147
bursty,SSTF,126.0,70.23333333333333,46.666678571427056,4.0,150.0,146.0,47.067796610169495,38.4707083846873,0.22033898305084745,0.4915254237288136,0.7166666666666667,55.766666666666666,2795,268,343,170
bursty,SSTF,181.0,108.56666666666666,23.195090476698343,75.0,149.0,74.0,24.28813559322034,20.001737930809934,0.4576271186440678,0.4915254237288136,0.6,72.43333333333334,1487,142,366,106
bursty,SSTF,170.0,98.65,28.298895738173247,46.0,126.0,80.0,31.423728813559322,28.593707610408078,0.423728813559322,0.5084745762711864,0.4666666666666667,71.35,1902,182,354,124
bursty,SSTF,82.0,90.18333333333334,53.1947653021945,24.0,181.0,157.0,67.7457627118644,42.69624411709309,0.1016949152542373,0.5254237288135594,0.7166666666666667,8.183333333333337,4034,292,379,256
bursty,SCAN,49.0,110.36666666666666,43.71497328020331,53.0,182.0,129.0,42.67796610169491,40.16130217601798,0.3389830508474576,0.5254237288135594,0.5833333333333334,61.36666666666666,2648,133,133,133
bursty,SSTF,160.0,110.5,24.57539419826262,73.0,151.0,78.0,26.89830508474576,20.535785149429607,0.3220338983050847,0.4745762711864407,0.6,49.5,1615,165,389,87
bursty,SSTF,137.0,126.76666666666667,21.12215792847775,92.0,161.0,69.0,24.949152542372882,17.885155030590486,0.3728813559322034,0.4745762711864407,0.55,10.233333333333334,1506,169,395,93
bursty,SSTF,87.0,66.86666666666666,53.194757469342996,17.0,154.0,137.0,52.30508474576271,51.09587340705809,0.3728813559322034,0.4576271186440678,0.6333333333333333,20.13333333333334,3151,294,356,204
bursty,SSTF,125.0,60.733333333333334,29.706265706450253,6.0,111.0,105.0,29.45762711864407,25.607415526808914,0.3728813559322034,0.5254237288135594,0.6333333333333333,64.26666666666667,1761,267,384,119
bursty,SSTF,166.0,146.1,13.753423816150896,113.0,173.0,60.0,15.457627118644067,12.153428802505475,0.423728813559322,0.4915254237288136,0.6,19.900000000000006,935,119,396,113
bursty,SSTF,50.0,96.56666666666666,52.33939455345488,0.0,158.0,158.0,59.52542372881356,48.16861483714191,0.1864406779661017,0.576271186440678,0.7166666666666667,46.56666666666666,3555,348,388,208
bursty,SCAN,87.0,132.35,29.44193437938479,103.0,176.0,73.0,26.050847457627118,27.552368460014318,0.576271186440678,0.5254237288135594,0.4166666666666667,45.349999999999994,1557,89,89,89
bursty,SSTF,134.0,90.08333333333333,28.74850237645239,38.0,136.0,98.0,32.49152542372882,23.671747360446616,0.2542372881355932,0.5084745762711864,0.75,43.91666666666667,1987,226,395,100
bursty,SSTF,182.0,117.2,61.141584321420176,16.0,184.0,168.0,69.0,56.96415762773367,0.2033898305084746,0.4745762711864407,0.65,64.8,4220,200,396,174
bursty,SSTF,52.0,57.7,23.659599883908996,17.0,102.0,85.0,26.52542372881356,20.850847182075945,0.3559322033898305,0.4576271186440678,0.5833333333333334,5.700000000000003,1599,329,391,120
bursty,SCAN,5.0,87.05,34.91438337801008,41.0,156.0,115.0,35.186440677966104,34.683789295196675,0.423728813559322,0.5254237288135594,0.65,82.05,2125,151,151,151
bursty,SSTF,67.0,29.5,6.346915261237803,13.0,44.0,31.0,7.0,5.102342433146245,0.7796610169491526,0.4576271186440678,0.4,37.5,445,318,375,54
bursty,SCAN,146.0,171.2,8.37018518313663,153.0,182.0,29.0,9.423728813559322,6.82270235697569,0.559322033898305,0.5423728813559322,0.36666666666666664,25.19999999999999,574,36,36,36
bursty,SSTF,128.0,80.91666666666667,57.26700378247689,0.0,166.0,166.0,64.13559322033899,51.693181410212176,0.22033898305084745,0.5254237288135594,0.75,47.08333333333333,3898,270,397,240
bursty,SSTF,76.0,104.11666666666666,28.37140089753921,69.0,144.0,75.0,31.16949152542373,26.210460159549886,0.4406779661016949,0.5084745762711864,0.43333333333333335,28.11666666666666,1841,253,397,82
bursty,SSTF,170.0,123.15,63.53131117803252,18.0,193.0,175.0,71.89830508474576,59.340926773581835,0.22033898305084745,0.5084745762711864,0.7666666666666667,46.849999999999994,4387,210,393,198
bursty,SCAN,188.0,106.58333333333333,40.82127372937901,53.0,199.0,146.0,44.067796610169495,36.791609400292856,0.2711864406779661,0.576271186440678,0.7666666666666667,81.41666666666667,2696,157,394,213
bursty,SCAN,9.0,103.91666666666667,24.276388849158675,77.0,146.0,69.0,28.084745762711865,23.308024467903333,0.3389830508474576,0.5254237288135594,0.4666666666666667,94.91666666666667,1731,137,137,137
bursty,SSTF,176.0,117.3,29.769839323270343,77.0,155.0,78.0,30.627118644067796,27.132379995867687,0.4406779661016949,0.4745762711864407,0.55,58.7,1899,145,377,99
bursty,SCAN,197.0,117.38333333333334,62.634413242419875,41.0,199.0,158.0,73.55932203389831,57.57773557060634,0.2711864406779661,0.4406779661016949,0.6333333333333333,79.61666666666666,4349,160,395,160
bursty,SSTF,180.0,62.416666666666664,46.96888745636721,10.0,116.0,106.0,46.94915254237288,45.84551203616431,0.5084745762711864,0.559322033898305,0.4,117.58333333333334,2938,208,334,170
bursty,SSTF,88.0,112.71666666666667,59.5835804190681,33.0,189.0,156.0,59.3728813559322,50.5364102019976,0.288135593220339,0.4745762711864407,0.65,24.71666666666667,3596,277,374,211
bursty,SSTF,55.0,71.63333333333334,48.559917169982434,18.0,160.0,142.0,46.40677966101695,47.210354596792016,0.3389830508474576,0.5254237288135594,0.5833333333333334,16.63333333333334,2746,325,397,209
bursty,SSTF,59.0,102.21666666666667,73.79862050803449,17.0,186.0,169.0,74.84745762711864,70.26700012876358,0.4406779661016949,0.5932203389830508,0.45,43.21666666666667,4447,322,376,211
bursty,SCAN,107.0,131.96666666666667,15.332934777428907,110.0,153.0,43.0,17.52542372881356,13.959209258605542,0.4576271186440678,0.5084745762711864,0.4,24.96666666666667,1045,46,46,46
bursty,SCAN,0.0,109.65,47.75417084751167,22.0,163.0,141.0,54.25423728813559,43.7568757678224,0.23728813559322035,0.5254237288135594,0.7,109.65,3346,163,163,163
bursty,SSTF,67.0,112.25,56.9106390170883,32.0,176.0,144.0,73.79661016949153,51.006406929238636,0.2542372881355932,0.4915254237288136,0.7,45.25,4460,299,397,197
bursty,SSTF,37.0,52.333333333333336,31.685257700633517,8.0,92.0,84.0,33.52542372881356,29.066467331368955,0.423728813559322,0.4915254237288136,0.5666666666666667,15.333333333333336,2018,353,396,113
bursty,SSTF,157.0,75.93333333333334,21.00703585838696,33.0,108.0,75.0,24.796610169491526,17.250673935267383,0.288135593220339,0.4915254237288136,0.6666666666666666,81.06666666666666,1537,208,349,124
bursty,SSTF,32.0,38.25,10.808368671234959,15.0,57.0,42.0,14.05084745762712,9.970165204101175,0.423728813559322,0.5084745762711864,0.5666666666666667,6.25,837,351,397,67
bursty,SCAN,113.0,156.68333333333334,9.55247204770693,133.0,170.0,37.0,9.491525423728813,7.842459146829687,0.6101694915254238,0.4915254237288136,0.43333333333333335,43.68333333333334,613,57,57,57
bursty,SSTF,133.0,104.28333333333333,47.74798134185594,25.0,170.0,145.0,56.74576271186441,42.39187370972956,0.288135593220339,0.4915254237288136,0.5666666666666667,28.71666666666667,3361,240,390,230
bursty,SSTF,46.0,67.58333333333333,33.830603338134864,27.0,112.0,85.0,34.847457627118644,31.634466056642754,0.4915254237288136,0.5254237288135594,0.5166666666666667,21.58333333333333,2064,325,397,104
bursty,SSTF,90.0,114.96666666666667,50.815013092151766,34.0,185.0,151.0,50.67796610169491,47.120271889940334,0.4067796610169492,0.5254237288135594,0.5166666666666667,24.96666666666667,2997,274,397,241
bursty,SCAN,5.0,99.68333333333334,50.84830107508237,37.0,184.0,147.0,48.728813559322035,43.582312735077764,0.288135593220339,0.5084745762711864,0.75,94.68333333333334,2925,179,179,179
bursty,SCAN,77.0,148.31666666666666,27.602229177288482,103.0,177.0,74.0,26.593220338983052,26.790536302809034,0.5423728813559322,0.5423728813559322,0.45,71.31666666666666,1669,100,100,100
bursty,SSTF,9.0,65.56666666666666,50.17315572649936,7.0,139.0,132.0,56.23728813559322,45.05828202546641,0.288135593220339,0.5254237288135594,0.6166666666666667,56.56666666666666,3325,382,396,136
bursty,SSTF,163.0,39.56666666666667,13.266959795756607,15.0,63.0,48.0,15.508474576271187,11.434964047071954,0.4576271186440678,0.5423728813559322,0.5833333333333334,123.43333333333334,1029,220,298,148
bursty,SSTF,127.0,120.15,49.27298955817477,65.0,190.0,125.0,59.49152542372882,45.560305679453975,0.3389830508474576,0.5254237288135594,0.6,6.849999999999994,3559,206,354,188
bursty,SSTF,100.0,47.416666666666664,36.99878000991684,3.0,131.0,128.0,38.52542372881356,37.46607773376681,0.3559322033898305,0.5423728813559322,0.6166666666666667,52.583333333333336,2290,295,395,159
bursty,SSTF,22.0,69.9,34.54016985096242,17.0,135.0,118.0,39.71186440677966,27.434390670092196,0.1694915254237288,0.4576271186440678,0.7,47.900000000000006,2452,359,397,123
bursty,SSTF,97.0,114.41666666666667,67.54339140302493,38.0,192.0,154.0,77.91525423728814,64.34080028152873,0.3898305084745763,0.5084745762711864,0.43333333333333335,17.41666666666667,4648,263,351,213
bursty,SSTF,68.0,64.41666666666667,47.394195026629816,14.0,134.0,120.0,60.779661016949156,43.538047960652456,0.23728813559322035,0.4576271186440678,0.6166666666666667,3.5833333333333286,3631,316,378,174
bursty,SSTF,128.0,134.03333333333333,11.285634920355857,111.0,154.0,43.0,13.491525423728813,9.265157770947026,0.4915254237288136,0.559322033898305,0.5166666666666667,6.033333333333331,816,159,397,64
bursty,SSTF,89.0,97.86666666666666,60.198135814621,18.0,170.0,152.0,76.08474576271186,52.691390650315704,0.22033898305084745,0.4576271186440678,0.6666666666666666,8.86666666666666,4548,291,361,223
bursty,SSTF,73.0,116.36666666666666,48.36974490549048,60.0,182.0,122.0,47.813559322033896,43.0795380175531,0.288135593220339,0.559322033898305,0.5666666666666667,43.36666666666666,2910,265,397,155
bursty,SSTF,96.0,99.45,3.8097462732663274,93.0,107.0,14.0,4.576271186440678,3.195353564323389,0.9830508474576272,0.4915254237288136,0.23333333333333334,3.450000000000003,276,209,397,17
bursty,SSTF,112.0,53.7,32.371952881056366,15.0,89.0,74.0,31.423728813559322,30.60309244916078,0.5423728813559322,0.559322033898305,0.3333333333333333,58.3,1950,271,375,97
bursty,SSTF,180.0,86.2,50.765079861390284,17.0,183.0,166.0,45.847457627118644,37.64545285495957,0.3050847457627119,0.5254237288135594,0.6,93.8,2715,201,397,171
bursty,SSTF,116.0,64.55,17.695032259554278,30.0,80.0,50.0,16.576271186440678,17.91997596645493,0.6101694915254238,0.5084745762711864,0.4,51.45,1057,252,362,86
bursty,SSTF,178.0,145.2,7.5250692134136985,129.0,160.0,31.0,9.254237288135593,5.694461240982353,0.6271186440677966,0.5423728813559322,0.45,32.80000000000001,587,91,380,49
bursty,SCAN,13.0,108.7,32.67226142565994,54.0,147.0,93.0,38.220338983050844,31.957104616631195,0.423728813559322,0.4576271186440678,0.45,95.7,2306,134,134,134
bursty,SCAN,48.0,83.46666666666667,18.077118747804427,49.0,116.0,67.0,20.23728813559322,15.172833643765578,0.3898305084745763,0.5084745762711864,0.6166666666666667,35.46666666666667,1247,68,68,68
bursty,SSTF,34.0,77.2,68.82993534792838,0.0,170.0,170.0,69.05084745762711,64.66430229119649,0.3898305084745763,0.559322033898305,0.5666666666666667,43.2,4090,364,392,204
bursty,SCAN,60.0,158.85,11.413186817595395,136.0,178.0,42.0,16.016949152542374,9.525152297236518,0.3559322033898305,0.4576271186440678,0.5333333333333333,98.85,1059,118,118,118
bursty,SCAN,123.0,107.18333333333334,58.567764645370886,44.0,197.0,153.0,68.20338983050847,55.46346473772116,0.2711864406779661,0.5254237288135594,0.6166666666666667,15.816666666666663,4073,231,352,232
bursty,SCAN,61.0,120.35,36.97784246455346,66.0,189.0,123.0,46.79661016949152,34.233881354249704,0.22033898305084745,0.4915254237288136,0.7166666666666667,59.349999999999994,2880,128,128,128
bursty,SSTF,18.0,34.0,13.665040553665888,11.0,62.0,51.0,15.288135593220339,10.423329191733398,0.4406779661016949,0.5423728813559322,0.6166666666666667,16.0,908,369,397,58
bursty,SCAN,14.0,103.26666666666667,46.00574843309137,37.0,178.0,141.0,56.47457627118644,41.34204406982438,0.15254237288135594,0.4067796610169492,0.7833333333333333,89.26666666666667,3380,164,164,164
bursty,SCAN,9.0,58.8,20.409801566894277,29.0,90.0,61.0,21.305084745762713,18.513626898180203,0.4067796610169492,0.5254237288135594,0.5833333333333334,49.8,1291,81,81,81
bursty,SSTF,119.0,92.4,40.578401479933476,28.0,151.0,123.0,47.440677966101696,33.04453655523908,0.22033898305084745,0.4915254237288136,0.75,26.599999999999994,2821,251,376,155
bursty,SSTF,48.0,69.7,42.80665836058685,21.0,161.0,140.0,50.28813559322034,42.389257852311474,0.2711864406779661,0.423728813559322,0.7,21.700000000000003,2971,329,397,167
bursty,SSTF,159.0,127.98333333333333,55.94327235890141,41.0,182.0,141.0,68.13559322033899,53.6101614536719,0.22033898305084745,0.5084745762711864,0.5166666666666667,31.016666666666666,4025,198,396,196
bursty,SSTF,38.0,45.81666666666667,20.653887177854816,20.0,95.0,75.0,23.627118644067796,19.53085199967941,0.3050847457627119,0.5084745762711864,0.65,7.81666666666667,1402,340,397,134
bursty,SSTF,84.0,71.33333333333333,10.796089827134432,53.0,87.0,34.0,11.898305084745763,9.612306580900777,0.5254237288135594,0.559322033898305,0.43333333333333335,12.666666666666671,705,261,397,65
bursty,SSTF,182.0,82.76666666666667,19.24263206759639,41.0,128.0,87.0,22.050847457627118,15.955896555036821,0.23728813559322035,0.4915254237288136,0.7333333333333333,99.23333333333333,1394,175,344,141
bursty,SSTF,142.0,121.83333333333333,40.910131861054765,64.0,171.0,107.0,45.52542372881356,38.01130783234824,0.3220338983050847,0.4576271186440678,0.55,20.16666666666667,2753,192,397,152
bursty,SSTF,64.0,67.01666666666667,13.37596310135793,37.0,93.0,56.0,15.440677966101696,9.94778092355646,0.3559322033898305,0.4915254237288136,0.5666666666666667,3.0166666666666657,916,297,396,83
bursty,SSTF,31.0,45.85,22.967241163593563,11.0,83.0,72.0,25.610169491525422,20.382791802552166,0.3728813559322034,0.4576271186440678,0.5833333333333334,14.850000000000001,1551,356,397,92
bursty,SCAN,46.0,83.93333333333334,15.210595722134693,60.0,109.0,49.0,18.135593220338983,13.38663338788543,0.423728813559322,0.4406779661016949,0.5333333333333333,37.93333333333334,1105,63,63,63
bursty,SCAN,10.0,90.53333333333333,40.795206690111144,21.0,143.0,122.0,51.3728813559322,31.113732487840583,0.11864406779661017,0.576271186440678,0.6166666666666667,80.53333333333333,3155,133,133,133
bursty,SCAN,64.0,120.96666666666667,37.38179889851328,64.0,163.0,99.0,38.67796610169491,35.537252203404,0.4745762711864407,0.5254237288135594,0.48333333333333334,56.96666666666667,2364,99,99,99
bursty,SCAN,111.0,140.1,16.158279611394278,114.0,162.0,48.0,17.796610169491526,14.523831568298476,0.4576271186440678,0.5254237288135594,0.5,29.099999999999994,1054,51,51,51
bursty,SSTF,160.0,74.85,18.206065838981615,51.0,108.0,57.0,20.661016949152543,16.666835199760747,0.4915254237288136,0.4745762711864407,0.45,85.15,1321,187,346,109
bursty,SSTF,141.0,87.23333333333333,50.27834744919747,23.0,161.0,138.0,62.25423728813559,45.71414246191697,0.2542372881355932,0.5084745762711864,0.6,53.766666666666666,3677,234,397,186
bursty,SSTF,42.0,76.16666666666667,33.07978570399485,10.0,117.0,107.0,36.16949152542373,30.46429003830655,0.288135593220339,0.4745762711864407,0.6333333333333333,34.16666666666667,2148,346,384,182
bursty,SSTF,118.0,49.416666666666664,24.24135011824951,11.0,85.0,74.0,27.88135593220339,20.047473103173495,0.288135593220339,0.5084745762711864,0.6666666666666666,68.58333333333334,1682,269,365,107
bursty,SSTF,140.0,61.56666666666667,36.26723345145342,25.0,159.0,134.0,36.32203389830509,35.715657050866675,0.23728813559322035,0.4915254237288136,0.65,78.43333333333334,2237,233,396,161
bursty,SCAN,88.0,125.88333333333334,25.80315979789211,89.0,173.0,84.0,25.983050847457626,20.098479178002524,0.3050847457627119,0.5084745762711864,0.7,37.88333333333334,1606,85,85,85
bursty,SSTF,116.0,105.28333333333333,36.65473669557895,57.0,174.0,117.0,44.11864406779661,34.80993660288742,0.23728813559322035,0.5084745762711864,0.7,10.716666666666669,2651,225,394,176
bursty,SSTF,177.0,101.86666666666666,49.782013708656756,21.0,171.0,150.0,53.3728813559322,45.63632893667535,0.3220338983050847,0.5084745762711864,0.6333333333333333,75.13333333333334,3244,200,392,156
bursty,SCAN,5.0,91.28333333333333,41.31427988265343,32.0,136.0,104.0,53.20338983050848,35.536459988426664,0.2711864406779661,0.4576271186440678,0.55,86.28333333333333,3169,131,131,131
bursty,SSTF,98.0,87.65,66.67803861342453,2.0,173.0,171.0,68.05084745762711,60.9588423888078,0.2711864406779661,0.5423728813559322,0.65,10.349999999999994,4104,298,333,246
bursty,SSTF,139.0,93.86666666666666,53.77312422473599,39.0,180.0,141.0,46.101694915254235,50.45007430249496,0.423728813559322,0.559322033898305,0.6333333333333333,45.13333333333334,2820,220,331,182
bursty,SSTF,183.0,106.21666666666667,62.836850034213384,34.0,192.0,158.0,70.35593220338983,59.69719145989025,0.3050847457627119,0.559322033898305,0.6666666666666666,76.78333333333333,4300,181,395,167
bursty,SSTF,129.0,137.6,41.49947790836249,65.0,195.0,130.0,44.559322033898304,33.7745622794357,0.2711864406779661,0.4406779661016949,0.6666666666666666,8.599999999999994,2638,204,395,196
bursty,SSTF,38.0,90.23333333333333,53.432626320961944,11.0,148.0,137.0,59.91525423728814,49.61932651617124,0.3220338983050847,0.5254237288135594,0.6166666666666667,52.233333333333334,3623,349,390,164
bursty,SSTF,171.0,95.53333333333333,50.15624476462417,55.0,188.0,133.0,59.220338983050844,54.13137434077103,0.3728813559322034,0.4745762711864407,0.5,75.46666666666667,3597,172,305,150
bursty,SSTF,15.0,45.46666666666667,27.834311360062227,11.0,91.0,80.0,31.033898305084747,24.91338630147671,0.3559322033898305,0.4406779661016949,0.5333333333333333,30.46666666666667,1903,372,397,84
bursty,SCAN,115.0,144.61666666666667,10.54370533646603,115.0,167.0,52.0,12.016949152542374,8.865265538336184,0.4576271186440678,0.4576271186440678,0.4666666666666667,29.616666666666674,735,52,52,52
bursty,SSTF,41.0,134.31666666666666,47.28019023744393,31.0,186.0,155.0,49.13559322033898,42.13515687626038,0.2711864406779661,0.5254237288135594,0.5833333333333334,93.31666666666666,3024,326,396,167
bursty,SCAN,50.0,138.06666666666666,25.21763051693971,95.0,174.0,79.0,25.64406779661017,23.57876286044927,0.423728813559322,0.559322033898305,0.5166666666666667,88.06666666666666,1626,124,124,124
bursty,SSTF,162.0,57.53333333333333,23.149850011513152,0.0,86.0,86.0,26.0,21.981502238881813,0.3898305084745763,0.5084745762711864,0.5833333333333334,104.46666666666667,1681,236,322,162
bursty,SSTF,177.0,124.78333333333333,22.564789434475614,82.0,167.0,85.0,26.88135593220339,18.98981417047688,0.2542372881355932,0.576271186440678,0.7,52.21666666666667,1657,139,388,95
bursty,SSTF,98.0,108.06666666666666,36.49879754488114,54.0,159.0,105.0,43.11864406779661,31.42064782950623,0.288135593220339,0.4915254237288136,0.65,10.066666666666663,2594,246,395,172
bursty,SCAN,1.0,62.8,25.36651335915127,18.0,110.0,92.0,31.508474576271187,22.2797109811123,0.2542372881355932,0.5254237288135594,0.6666666666666666,61.8,1938,109,109,109
bursty,SCAN,64.0,116.5,32.81336109981217,65.0,160.0,95.0,39.728813559322035,29.801507474369494,0.3220338983050847,0.5254237288135594,0.6333333333333333,52.5,2425,96,96,96
bursty,SCAN,179.0,138.66666666666666,25.399912510785455,106.0,184.0,78.0,23.135593220338983,21.932452255418802,0.5084745762711864,0.4915254237288136,0.5666666666666667,40.33333333333334,1433,113,397,113
bursty,SSTF,41.0,37.63333333333333,10.868864808351525,15.0,65.0,50.0,11.88135593220339,8.645729318547016,0.5254237288135594,0.5254237288135594,0.55,3.366666666666667,710,342,397,76
bursty,SSTF,65.0,130.9,49.918166365896624,31.0,184.0,153.0,60.813559322033896,50.36156544203034,0.2033898305084746,0.5084745762711864,0.65,65.9,3667,302,397,197
bursty,SSTF,96.0,118.46666666666667,31.378053193629178,71.0,181.0,110.0,41.6271186440678,26.971986914917224,0.13559322033898305,0.5084745762711864,0.7666666666666667,22.46666666666667,2523,231,397,137
bursty,SCAN,0.0,105.78333333333333,25.338436985909155,71.0,137.0,66.0,31.661016949152543,23.554919720381367,0.4067796610169492,0.4745762711864407,0.5,105.78333333333333,1995,137,137,137
bursty,SCAN,51.0,91.75,14.524261312254977,70.0,112.0,42.0,14.610169491525424,11.706896343829602,0.5084745762711864,0.5423728813559322,0.4666666666666667,40.75,891,61,61,61
bursty,SSTF,46.0,53.016666666666666,26.5314226699001,15.0,108.0,93.0,27.491525423728813,22.732320663712013,0.3898305084745763,0.4915254237288136,0.5666666666666667,7.016666666666666,1662,337,396,124
bursty,SSTF,163.0,110.11666666666666,57.62612013854674,14.0,189.0,175.0,71.16949152542372,54.8032389684804,0.1864406779661017,0.5423728813559322,0.7666666666666667,52.88333333333334,4219,221,394,201
bursty,SCAN,28.0,61.233333333333334,18.708613583647033,29.0,93.0,64.0,24.74576271186441,16.917139258440155,0.23728813559322035,0.576271186440678,0.65,33.233333333333334,1481,65,65,65
bursty,SSTF,179.0,81.58333333333333,44.22679868837696,16.0,147.0,131.0,54.32203389830509,37.1193406017768,0.2033898305084746,0.576271186440678,0.7166666666666667,97.41666666666667,3343,203,366,163
bursty,SSTF,80.0,52.71666666666667,6.24791076191785,40.0,68.0,28.0,7.135593220338983,4.907474849029014,0.8135593220338984,0.5423728813559322,0.4,27.28333333333333,458,278,386,40
bursty,SCAN,53.0,117.31666666666666,8.743553180613828,92.0,137.0,45.0,9.76271186440678,6.525929982563165,0.6271186440677966,0.5084745762711864,0.4666666666666667,64.31666666666666,643,84,84,84
bursty,SSTF,195.0,115.01666666666667,45.32934725122591,59.0,178.0,119.0,67.55932203389831,39.08195265425176,0.15254237288135594,0.5423728813559322,0.5166666666666667,79.98333333333333,4068,144,381,136
bursty,SCAN,20.0,60.36666666666667,13.277759181762896,27.0,81.0,54.0,14.23728813559322,13.293733687631022,0.559322033898305,0.5084745762711864,0.48333333333333334,40.36666666666667,887,61,61,61
bursty,SSTF,195.0,104.98333333333333,43.1812041157827,45.0,193.0,148.0,47.355932203389834,37.05184764571809,0.2033898305084746,0.4576271186440678,0.6833333333333333,90.01666666666667,2929,158,396,150
bursty,SSTF,142.0,84.03333333333333,69.04249094257504,12.0,176.0,164.0,64.0677966101695,64.93696145448818,0.4576271186440678,0.4576271186440678,0.5166666666666667,57.96666666666667,3894,244,298,198
bursty,SCAN,1.0,71.65,50.28943726072106,23.0,138.0,115.0,57.11864406779661,48.85089203278416,0.4406779661016949,0.4576271186440678,0.43333333333333335,70.65,3400,137,137,137
bursty,SCAN,1.0,54.333333333333336,26.68311992419344,15.0,101.0,86.0,32.847457627118644,22.897571153351194,0.2711864406779661,0.4915254237288136,0.65,53.333333333333336,1977,100,100,100
bursty,SCAN,85.0,109.76666666666667,16.692679699663433,86.0,140.0,54.0,20.033898305084747,14.670350707735762,0.3559322033898305,0.4915254237288136,0.6666666666666666,24.766666666666666,1231,55,55,55
bursty,SSTF,40.0,100.73333333333333,57.13168025613188,31.0,169.0,138.0,56.71186440677966,52.69999866447676,0.3220338983050847,0.5084745762711864,0.6166666666666667,60.733333333333334,3349,327,397,147
bursty,SSTF,138.0,42.65,27.697066631685022,19.0,128.0,109.0,25.220338983050848,30.177479422441333,0.423728813559322,0.5254237288135594,0.5166666666666667,95.35,1597,241,388,119
bursty,SSTF,152.0,104.8,45.43779630806641,54.0,187.0,133.0,42.57627118644068,42.484375349154114,0.3050847457627119,0.559322033898305,0.6333333333333333,47.2,2573,192,352,168
bursty,SSTF,147.0,88.05,49.993474574188184,18.0,159.0,141.0,58.91525423728814,41.549353188215726,0.22033898305084745,0.4576271186440678,0.6,58.95,3476,233,394,153
bursty,SSTF,29.0,106.46666666666667,55.4362897588053,11.0,157.0,146.0,52.79661016949152,54.324754684765004,0.4067796610169492,0.5084745762711864,0.55,77.46666666666667,3128,358,390,164
bursty,SSTF,102.0,72.06666666666666,59.686365463330254,14.0,155.0,141.0,55.728813559322035,56.21714272248719,0.3728813559322034,0.423728813559322,0.48333333333333334,29.933333333333337,3372,282,343,194
bursty,SCAN,64.0,100.45,12.16473728994315,83.0,121.0,38.0,12.576271186440678,10.402417238365043,0.5423728813559322,0.4915254237288136,0.45,36.45,792,57,57,57
bursty,SSTF,196.0,163.13333333333333,14.393825836872635,142.0,188.0,46.0,21.06779661016949,11.266967478519781,0.23728813559322035,0.4576271186440678,0.55,32.866666666666674,1258,60,390,54
bursty,SSTF,96.0,55.85,61.3364559893489,0.0,174.0,174.0,72.91525423728814,63.87893425758226,0.23728813559322035,0.5423728813559322,0.6,40.15,4395,302,343,252
bursty,SSTF,85.0,91.13333333333334,12.574400803042488,70.0,110.0,40.0,13.457627118644067,9.788131924571916,0.4745762711864407,0.5084745762711864,0.5333333333333333,6.13333333333334,816,243,397,55
bursty,SSTF,170.0,148.5,26.02274646022847,112.0,179.0,67.0,30.11864406779661,24.434682731628545,0.4576271186440678,0.559322033898305,0.4166666666666667,21.5,1826,116,397,94
bursty,SSTF,87.0,55.4,19.85295947711575,29.0,95.0,66.0,21.25423728813559,16.48583698295116,0.3728813559322034,0.4745762711864407,0.6333333333333333,31.6,1285,282,397,124
bursty,SSTF,184.0,123.76666666666667,22.841750273469753,95.0,163.0,68.0,25.322033898305083,20.29230519434758,0.3389830508474576,0.5423728813559322,0.5,60.233333333333334,1517,119,377,89
bursty,SSTF,102.0,94.0,34.948056693708544,50.0,143.0,93.0,46.08474576271186,30.496617281484344,0.22033898305084745,0.4915254237288136,0.65,8.0,2732,246,369,134
bursty,SCAN,15.0,118.96666666666667,31.463188367077837,79.0,167.0,88.0,40.76271186440678,26.18858528873701,0.23728813559322035,0.5084745762711864,0.55,103.96666666666667,2548,152,152,152
bursty,SSTF,97.0,41.35,19.256881886743763,9.0,69.0,60.0,19.271186440677965,15.485182100771478,0.423728813559322,0.559322033898305,0.5,55.65,1225,292,370,88
bursty,SSTF,152.0,102.68333333333334,23.81770466597391,63.0,148.0,85.0,27.11864406779661,21.05286706652493,0.3220338983050847,0.5084745762711864,0.7166666666666667,49.31666666666666,1630,183,394,89
bursty,SSTF,135.0,151.31666666666666,33.39535480006497,89.0,194.0,105.0,36.25423728813559,30.944780354656448,0.3559322033898305,0.5254237288135594,0.6666666666666666,16.316666666666663,2159,174,389,151
bursty,SCAN,8.0,115.73333333333333,52.71428227298134,26.0,180.0,154.0,61.0,45.0205226272099,0.22033898305084745,0.576271186440678,0.55,107.73333333333333,3704,172,172,172
bursty,SSTF,150.0,85.53333333333333,57.24988112554373,15.0,178.0,163.0,61.30508474576271,50.19833687476925,0.3389830508474576,0.4915254237288136,0.48333333333333334,64.46666666666667,3690,233,334,191
bursty,SCAN,19.0,88.7,51.33202379282028,38.0,181.0,143.0,54.11864406779661,48.841870321134635,0.3050847457627119,0.4576271186440678,0.6166666666666667,69.7,3347,162,162,162
bursty,SSTF,128.0,121.08333333333333,23.726421043966063,64.0,147.0,83.0,27.864406779661017,24.432860359074944,0.3050847457627119,0.5423728813559322,0.5666666666666667,6.916666666666671,1659,206,397,104
bursty,SCAN,45.0,80.28333333333333,20.771046889574173,53.0,105.0,52.0,21.508474576271187,18.393415256328186,0.5254237288135594,0.559322033898305,0.4166666666666667,35.28333333333333,1320,60,60,60
bursty,SSTF,68.0,99.35,45.98906572943907,48.0,171.0,123.0,51.779661016949156,42.05527750457469,0.3559322033898305,0.5254237288135594,0.5,31.349999999999994,3119,282,393,143
bursty,SSTF,61.0,104.65,49.70741896337004,26.0,150.0,124.0,52.559322033898304,48.78394817499258,0.3389830508474576,0.4576271186440678,0.5666666666666667,43.650000000000006,3126,311,384,159
bursty,SCAN,16.0,110.5,44.808667316342564,43.0,165.0,122.0,48.30508474576271,36.694457271968794,0.288135593220339,0.5254237288135594,0.6333333333333333,94.5,2993,149,149,149
bursty,SSTF,78.0,98.3,55.80689921506122,16.0,178.0,162.0,71.32203389830508,46.93971636188745,0.15254237288135594,0.4406779661016949,0.65,20.299999999999997,4255,304,395,226
bursty,SCAN,6.0,80.21666666666667,44.5122049430141,16.0,148.0,132.0,47.33898305084746,37.29707134842097,0.2033898305084746,0.4576271186440678,0.7666666666666667,74.21666666666667,2935,142,142,142
bursty,SSTF,96.0,120.95,61.04954954788774,8.0,196.0,188.0,56.94915254237288,57.574542316987895,0.3050847457627119,0.4576271186440678,0.7333333333333333,24.950000000000003,3425,294,340,288
bursty,SSTF,158.0,61.916666666666664,53.23604407625429,0.0,158.0,158.0,62.86440677966102,50.89852238110939,0.23728813559322035,0.4745762711864407,0.6666666666666666,96.08333333333334,3850,240,393,158
bursty,SSTF,101.0,84.31666666666666,20.869828035281515,52.0,113.0,61.0,23.10169491525424,17.759881389180805,0.3728813559322034,0.559322033898305,0.5666666666666667,16.683333333333337,1407,245,397,73
bursty,SSTF,107.0,137.98333333333332,23.86174879499731,100.0,169.0,69.0,28.52542372881356,20.17916019502264,0.288135593220339,0.5423728813559322,0.5666666666666667,30.98333333333332,1724,191,397,88
bursty,SSTF,118.0,122.36666666666666,20.96581874279074,88.0,151.0,63.0,23.11864406779661,16.391486779405156,0.2711864406779661,0.4745762711864407,0.5666666666666667,4.36666666666666,1387,192,383,96
bursty,SSTF,31.0,45.56666666666667,33.6968676420953,3.0,120.0,117.0,38.08474576271186,30.512174916837743,0.2542372881355932,0.4406779661016949,0.75,14.56666666666667,2252,364,397,206
bursty,SCAN,20.0,114.85,45.43450414240995,65.0,180.0,115.0,48.016949152542374,42.37863689724578,0.3728813559322034,0.5084745762711864,0.6,94.85,2977,160,160,160
bursty,SSTF,137.0,65.83333333333333,20.73898636760137,23.0,98.0,75.0,27.45762711864407,16.4340717113411,0.1694915254237288,0.4745762711864407,0.6333333333333333,71.16666666666667,1682,238,359,114
bursty,SSTF,76.0,83.61666666666666,66.52470510185587,13.0,166.0,153.0,69.40677966101696,64.48127271004647,0.4915254237288136,0.4915254237288136,0.48333333333333334,7.61666666666666,4158,309,351,216
bursty,SSTF,73.0,88.01666666666667,48.01822281407573,29.0,166.0,137.0,59.94915254237288,42.88867091088456,0.2711864406779661,0.4745762711864407,0.5833333333333334,15.016666666666666,3553,296,369,230
bursty,SSTF,42.0,97.53333333333333,60.43163262913076,7.0,171.0,164.0,52.779661016949156,53.40604542578195,0.3389830508474576,0.4915254237288136,0.7333333333333333,55.53333333333333,3114,349,397,219
bursty,SCAN,94.0,125.41666666666667,13.814595743472033,97.0,155.0,58.0,15.677966101694915,10.699977313402373,0.3898305084745763,0.5932203389830508,0.6166666666666667,31.41666666666667,977,61,61,61
bursty,SSTF,142.0,86.86666666666666,48.98621121181847,36.0,175.0,139.0,51.05084745762712,46.195760216644125,0.2711864406779661,0.5254237288135594,0.6,55.13333333333334,3090,220,324,172
bursty,SSTF,125.0,156.7,35.33614768665839,74.0,189.0,115.0,39.08474576271186,41.1875775807374,0.3898305084745763,0.4915254237288136,0.55,31.69999999999999,2368,199,364,179
bursty,SSTF,188.0,64.3,58.89179342941879,16.0,174.0,158.0,60.03389830508475,57.70496735710517,0.22033898305084745,0.5254237288135594,0.5166666666666667,123.7,3706,194,384,172
bursty,SSTF,162.0,63.46666666666667,8.81942300959775,41.0,79.0,38.0,9.23728813559322,7.016539740778715,0.6779661016949152,0.559322033898305,0.38333333333333336,98.53333333333333,637,195,315,121
bursty,SSTF,148.0,118.58333333333333,33.95648767990522,74.0,174.0,100.0,44.83050847457627,28.13716556766391,0.15254237288135594,0.5254237288135594,0.6166666666666667,29.41666666666667,2663,176,395,126
bursty,SCAN,1.0,114.13333333333334,51.822603391012905,58.0,184.0,126.0,54.33898305084746,48.34256648709328,0.3220338983050847,0.4576271186440678,0.55,113.13333333333334,3272,183,183,183
bursty,SSTF,155.0,93.45,42.02159167221854,28.0,149.0,121.0,48.11864406779661,37.91385630421104,0.2542372881355932,0.4576271186440678,0.5833333333333334,61.55,2858,215,392,127
bursty,SCAN,19.0,113.36666666666666,17.4374756073107,82.0,138.0,56.0,18.45762711864407,14.766340599770043,0.4067796610169492,0.559322033898305,0.6333333333333333,94.36666666666666,1172,119,119,119
bursty,SSTF,32.0,100.45,46.80364124011435,21.0,164.0,143.0,49.59322033898305,38.62822303773687,0.22033898305084745,0.5254237288135594,0.7,68.45,3015,345,394,198
bursty,SSTF,196.0,53.35,11.004279470581737,34.0,81.0,47.0,11.59322033898305,8.663421338618697,0.5423728813559322,0.4915254237288136,0.5333333333333333,142.65,828,168,283,162
bursty,SCAN,39.0,124.31666666666666,48.722852840211324,56.0,182.0,126.0,61.76271186440678,41.65204493038823,0.22033898305084745,0.559322033898305,0.6,85.31666666666666,3782,143,143,143
bursty,SSTF,168.0,71.78333333333333,27.00190836877193,33.0,109.0,76.0,35.067796610169495,22.7528090325983,0.2542372881355932,0.5254237288135594,0.5666666666666667,96.21666666666667,2133,197,339,135
bursty,SSTF,102.0,102.6,43.87831658879665,40.0,150.0,110.0,54.101694915254235,40.92021791749646,0.3898305084745763,0.4915254237288136,0.5333333333333333,0.5999999999999943,3226,256,351,158
bursty,SSTF,167.0,97.9,53.486041792851594,27.0,182.0,155.0,69.62711864406779,43.18658702047951,0.13559322033898305,0.4745762711864407,0.8166666666666667,69.1,4114,204,397,172
bursty,SSTF,192.0,106.68333333333334,44.701786566335606,31.0,145.0,114.0,48.152542372881356,47.271238096367426,0.5084745762711864,0.4915254237288136,0.43333333333333335,85.31666666666666,2993,175,351,161
bursty,SSTF,95.0,132.8,31.5730898076194,58.0,172.0,114.0,33.30508474576271,31.436378709208068,0.3559322033898305,0.5423728813559322,0.6666666666666666,37.80000000000001,2010,245,392,151
bursty,SSTF,22.0,43.46666666666667,18.002283805734823,9.0,75.0,66.0,21.389830508474578,13.152323954153557,0.2711864406779661,0.4576271186440678,0.6833333333333333,21.46666666666667,1307,367,397,121
bursty,SSTF,112.0,113.78333333333333,34.20676914816065,55.0,163.0,108.0,40.644067796610166,30.68691694498853,0.288135593220339,0.5084745762711864,0.7,1.7833333333333314,2435,231,382,159
bursty,SSTF,59.0,114.15,51.67617923182789,39.0,181.0,142.0,61.05084745762712,44.530478508892855,0.22033898305084745,0.5254237288135594,0.6166666666666667,55.150000000000006,3613,300,397,162
bursty,SSTF,198.0,120.26666666666667,40.36205588861345,38.0,174.0,136.0,43.40677966101695,37.85436796956436,0.3220338983050847,0.4915254237288136,0.7333333333333333,77.73333333333333,2624,162,374,160
bursty,SSTF,29.0,45.65,17.96369022964565,22.0,71.0,49.0,18.83050847457627,16.894641154562994,0.5084745762711864,0.5254237288135594,0.36666666666666664,16.65,1113,347,397,68
bursty,SSTF,110.0,89.6,37.33818420866231,44.0,162.0,118.0,38.847457627118644,31.362729451071154,0.23728813559322035,0.4915254237288136,0.7,20.400000000000006,2358,244,397,188
bursty,SSTF,128.0,54.1,19.021654326933117,16.0,84.0,68.0,20.23728813559322,15.797810385771013,0.3389830508474576,0.576271186440678,0.6333333333333333,73.9,1274,254,354,112
bursty,SCAN,5.0,80.26666666666667,50.55223920746626,18.0,164.0,146.0,51.49152542372882,46.279318835851186,0.3050847457627119,0.4576271186440678,0.75,75.26666666666667,3099,159,159,159
bursty,SSTF,100.0,109.95,50.70221066843799,41.0,189.0,148.0,58.0,41.6872943290228,0.2033898305084746,0.5254237288135594,0.65,9.950000000000003,3429,257,397,207
bursty,SCAN,2.0,103.68333333333334,69.93008214558947,21.0,194.0,173.0,72.30508474576271,65.05649545790186,0.3389830508474576,0.5932203389830508,0.6166666666666667,101.68333333333334,4294,192,192,192
bursty,SCAN,47.0,117.7,16.451241087934164,88.0,144.0,56.0,19.847457627118644,14.811600537602027,0.3898305084745763,0.5423728813559322,0.5333333333333333,70.7,1226,97,97,97
bursty,SSTF,60.0,74.96666666666667,25.661882671039983,40.0,108.0,68.0,29.88135593220339,22.381957583734536,0.3898305084745763,0.5254237288135594,0.5,14.966666666666669,1811,298,395,88
bursty,SSTF,133.0,108.7,43.51486336107851,27.0,158.0,131.0,49.28813559322034,41.126118900839906,0.23728813559322035,0.4576271186440678,0.7166666666666667,24.299999999999997,2908,238,395,156
bursty,SCAN,57.0,116.85,16.21195546502642,87.0,142.0,55.0,21.084745762711865,14.74907424339095,0.3898305084745763,0.4745762711864407,0.5166666666666667,59.849999999999994,1291,85,85,85
bursty,SSTF,56.0,79.68333333333334,55.68377731041201,8.0,178.0,170.0,61.40677966101695,56.75374060518182,0.3898305084745763,0.5254237288135594,0.5,23.683333333333337,3745,334,397,232
bursty,SSTF,69.0,110.88333333333334,38.62041414704002,40.0,146.0,106.0,34.13559322033898,38.77770529618689,0.5084745762711864,0.4915254237288136,0.5,41.88333333333334,2029,289,383,135
bursty,SSTF,66.0,55.25,30.215683013958163,14.0,120.0,106.0,35.559322033898304,27.1119907092476,0.1864406779661017,0.5254237288135594,0.7,10.75,2116,318,397,158
bursty,SCAN,64.0,132.13333333333333,11.000707047983578,107.0,158.0,51.0,14.169491525423728,8.336467858249264,0.3389830508474576,0.4915254237288136,0.5166666666666667,68.13333333333333,911,94,94,94
bursty,SCAN,127.0,166.2,15.634150653830437,135.0,195.0,60.0,17.796610169491526,14.381932711184861,0.3728813559322034,0.5423728813559322,0.6333333333333333,39.19999999999999,1087,68,68,68
bursty,SCAN,52.0,127.28333333333333,17.23184229526515,97.0,158.0,61.0,20.52542372881356,13.86662366760914,0.3389830508474576,0.559322033898305,0.5833333333333334,75.28333333333333,1271,106,106,106
bursty,SSTF,169.0,94.75,27.83201094663002,67.0,152.0,85.0,26.949152542372882,25.441474033096643,0.423728813559322,0.5254237288135594,0.5833333333333334,74.25,1681,162,381,102
bursty,SSTF,180.0,93.31666666666666,22.144594273897987,48.0,127.0,79.0,26.45762711864407,17.287520760087347,0.23728813559322035,0.4576271186440678,0.6833333333333333,86.68333333333334,1640,170,345,132
bursty,SSTF,100.0,129.23333333333332,47.94558257951287,77.0,193.0,116.0,47.74576271186441,44.57961577966256,0.3559322033898305,0.4915254237288136,0.55,29.23333333333332,2831,221,396,139
bursty,SCAN,56.0,96.06666666666666,14.847970306483719,64.0,125.0,61.0,16.88135593220339,12.500962330092714,0.3728813559322034,0.4915254237288136,0.5666666666666667,40.06666666666666,1052,69,69,69
bursty,SCAN,38.0,121.56666666666666,38.669698157026716,41.0,163.0,122.0,44.067796610169495,37.969150906608405,0.3050847457627119,0.559322033898305,0.6333333333333333,83.56666666666666,2701,125,125,125
bursty,SSTF,151.0,124.15,11.885320077024991,93.0,146.0,53.0,13.389830508474576,10.052433635949601,0.4576271186440678,0.4745762711864407,0.6,26.849999999999994,812,154,393,58
bursty,SSTF,115.0,94.33333333333333,45.62443302539648,33.0,158.0,125.0,49.559322033898304,39.19152069588033,0.1694915254237288,0.559322033898305,0.7,20.66666666666667,2934,250,394,168
bursty,SSTF,34.0,112.18333333333334,50.71340771652228,24.0,179.0,155.0,52.983050847457626,47.34743259927804,0.3559322033898305,0.5254237288135594,0.5333333333333333,78.18333333333334,3206,340,397,165
bursty,SSTF,103.0,108.68333333333334,29.44797201091368,61.0,143.0,82.0,28.847457627118644,28.425825903253944,0.4576271186440678,0.559322033898305,0.5166666666666667,5.683333333333337,1723,234,365,122
bursty,SSTF,39.0,102.16666666666667,38.77076504561423,20.0,136.0,116.0,31.8135593220339,36.34834972882803,0.4067796610169492,0.5254237288135594,0.6,63.16666666666667,1960,339,394,157
bursty,SCAN,10.0,82.06666666666666,20.990368161505778,41.0,121.0,80.0,23.728813559322035,18.579951386040083,0.3050847457627119,0.4915254237288136,0.8166666666666667,72.06666666666666,1483,111,111,111
bursty,SCAN,68.0,126.66666666666667,23.88700250950062,91.0,169.0,78.0,30.16949152542373,17.762226672115833,0.1864406779661017,0.5254237288135594,0.6833333333333333,58.66666666666667,1808,101,101,101
bursty,SCAN,30.0,75.9,22.83542569488615,46.0,103.0,57.0,27.016949152542374,21.103852588618988,0.423728813559322,0.5254237288135594,0.35,45.900000000000006,1620,73,73,73
bursty,SSTF,186.0,139.58333333333334,11.290544224654933,118.0,162.0,44.0,14.508474576271187,10.061460084352303,0.423728813559322,0.5084745762711864,0.5666666666666667,46.41666666666666,900,94,374,68
bursty,SSTF,131.0,123.46666666666667,42.462323168767966,69.0,173.0,104.0,48.898305084745765,41.07029728600903,0.4406779661016949,0.4576271186440678,0.45,7.533333333333331,2921,198,359,146
bursty,SSTF,142.0,98.23333333333333,53.18971287340772,19.0,168.0,149.0,65.01694915254237,46.74651859616736,0.22033898305084745,0.5084745762711864,0.65,43.766666666666666,3953,237,395,183
bursty,SSTF,57.0,105.43333333333334,40.64987358187258,30.0,146.0,116.0,42.86440677966102,39.832044687288196,0.3559322033898305,0.5254237288135594,0.6,48.43333333333334,2598,311,393,151
bursty,SSTF,157.0,80.53333333333333,9.30137385312275,64.0,104.0,40.0,8.830508474576272,6.906524899117614,0.6440677966101694,0.576271186440678,0.5166666666666667,76.46666666666667,591,177,345,93
bursty,SCAN,7.0,115.98333333333333,26.93664892958208,73.0,165.0,92.0,30.25423728813559,23.258017185506624,0.3220338983050847,0.5084745762711864,0.75,108.98333333333333,1895,158,158,158
bursty,SCAN,92.0,154.01666666666668,16.04108440501729,128.0,180.0,52.0,19.16949152542373,12.830250988169317,0.3898305084745763,0.4745762711864407,0.55,62.01666666666668,1195,88,88,88
bursty,SSTF,66.0,88.05,32.82957254265327,26.0,128.0,102.0,36.50847457627118,27.615626184055454,0.22033898305084745,0.4576271186440678,0.75,22.049999999999997,2209,306,391,142
bursty,SSTF,132.0,103.05,43.29758461315519,10.0,157.0,147.0,47.57627118644068,41.41816656600301,0.2033898305084746,0.5254237288135594,0.6666666666666666,28.950000000000003,2918,256,397,172
bursty,SSTF,86.0,58.93333333333333,32.48839108905757,17.0,135.0,118.0,38.32203389830509,27.352340511489654,0.22033898305084745,0.4745762711864407,0.6833333333333333,27.06666666666667,2279,295,395,187
bursty,SCAN,35.0,139.8,25.92926274822843,75.0,170.0,95.0,29.35593220338983,24.27928091517777,0.2542372881355932,0.5254237288135594,0.6833333333333333,104.80000000000001,1797,135,135,135
bursty,SCAN,108.0,134.65,6.915742910201333,121.0,153.0,32.0,7.47457627118644,6.143360567127901,0.7796610169491526,0.5254237288135594,0.4166666666666667,26.650000000000006,476,45,45,45
bursty,SCAN,10.0,57.983333333333334,33.45867683509848,18.0,97.0,79.0,34.898305084745765,32.50016683933929,0.5084745762711864,0.559322033898305,0.35,47.983333333333334,2067,87,87,87
mixed,SSTF,25.0,112.05,61.71262026522614,0.0,195.0,195.0,38.728813559322035,50.28523067478251,0.576271186440678,0.7627118644067796,0.7833333333333333,87.05,2370,373,395,220
mixed,SCAN,138.0,103.4,44.93372897946486,4.0,185.0,181.0,25.949152542372882,38.42687253967099,0.6101694915254238,0.6271186440677966,0.8,34.599999999999994,1554,256,397,317
mixed,SCAN,0.0,74.06666666666666,52.23340778552447,12.0,173.0,161.0,32.779661016949156,43.41290435218393,0.5932203389830508,0.6779661016949152,0.75,74.06666666666666,1946,173,173,173
mixed,SCAN,16.0,131.08333333333334,20.513647218918,95.0,172.0,77.0,12.271186440677965,14.995853108668587,0.6271186440677966,0.6949152542372882,0.7166666666666667,115.08333333333334,803,156,156,156
mixed,SSTF,189.0,123.3,52.78519363104266,13.0,177.0,164.0,33.3728813559322,43.56288978332428,0.5254237288135594,0.6101694915254238,0.75,65.7,2010,196,386,176
mixed,SSTF,146.0,91.73333333333333,40.40910238492752,15.0,187.0,172.0,34.186440677966104,47.021262617869844,0.559322033898305,0.7627118644067796,0.8333333333333334,54.266666666666666,2119,237,387,213
mixed,SSTF,114.0,107.78333333333333,36.361651808219904,49.0,168.0,119.0,23.016949152542374,31.195116700319733,0.6610169491525424,0.7288135593220338,0.7,6.216666666666669,1423,235,397,184
mixed,SSTF,116.0,115.1,50.105122825249445,22.0,175.0,153.0,36.32203389830509,53.30928010220923,0.6779661016949152,0.7627118644067796,0.7833333333333333,0.9000000000000057,2201,260,397,247
mixed,SSTF,73.0,103.61666666666666,67.92645328261703,0.0,199.0,199.0,52.152542372881356,60.79273305125724,0.4576271186440678,0.711864406779661,0.9,30.61666666666666,3153,325,395,272
mixed,SSTF,97.0,108.55,52.33813937592101,0.0,197.0,197.0,43.271186440677965,53.858203821993,0.5084745762711864,0.7627118644067796,0.9,11.549999999999997,2584,301,397,299
mixed,SCAN,141.0,108.98333333333333,44.58642979901197,9.0,189.0,180.0,36.152542372881356,44.21396878712905,0.5423728813559322,0.6779661016949152,0.8666666666666667,32.016666666666666,2183,248,396,312
mixed,SSTF,50.0,88.46666666666667,48.58993951655242,10.0,190.0,180.0,45.05084745762712,53.02651199030619,0.5084745762711864,0.6779661016949152,0.85,38.46666666666667,2681,338,391,320
mixed,SCAN,119.0,108.36666666666666,56.69067138623622,3.0,199.0,196.0,38.3728813559322,48.34371931060469,0.5084745762711864,0.7288135593220338,0.8833333333333333,10.63333333333334,2293,276,396,312
mixed,SSTF,32.0,96.16666666666667,35.635734250265635,14.0,149.0,135.0,11.745762711864407,12.760629627336858,0.6949152542372882,0.711864406779661,0.7666666666666667,64.16666666666667,711,352,396,153
mixed,SCAN,2.0,78.96666666666667,42.31113591269114,13.0,140.0,127.0,28.627118644067796,40.74347126865631,0.711864406779661,0.7457627118644068,0.7666666666666667,76.96666666666667,1700,138,138,138
mixed,SSTF,3.0,129.41666666666666,66.18667833400382,2.0,198.0,196.0,41.728813559322035,61.14052458108276,0.6610169491525424,0.711864406779661,0.7333333333333333,126.41666666666666,2612,393,397,197
mixed,SSTF,44.0,57.46666666666667,44.546405267116924,2.0,174.0,172.0,29.74576271186441,40.045987640626194,0.5932203389830508,0.6949152542372882,0.7833333333333333,13.466666666666669,1797,352,397,214
mixed,SCAN,18.0,128.25,60.653558565567,0.0,199.0,199.0,48.69491525423729,61.6376107493722,0.4915254237288136,0.6440677966101694,0.85,110.25,3000,380,390,380
mixed,SSTF,198.0,96.91666666666667,48.290886533819425,5.0,196.0,191.0,33.03389830508475,40.96669424478366,0.559322033898305,0.7288135593220338,0.9,101.08333333333333,2125,195,396,193
mixed,SSTF,64.0,121.35,59.30790419497219,5.0,197.0,192.0,26.74576271186441,41.82067983314482,0.5932203389830508,0.7457627118644068,0.8,57.349999999999994,1642,329,396,265
mixed,SCAN,27.0,74.98333333333333,54.29748050221934,10.0,197.0,187.0,39.86440677966102,54.77425401239338,0.5423728813559322,0.6101694915254238,0.7333333333333333,47.983333333333334,2354,361,397,361
mixed,SCAN,115.0,135.13333333333333,49.85494514645017,0.0,199.0,199.0,15.220338983050848,30.460904533021278,0.6779661016949152,0.7966101694915254,0.75,20.133333333333326,917,283,302,283
mixed,SSTF,116.0,73.38333333333334,34.825322045252584,22.0,139.0,117.0,19.322033898305083,26.843830006587726,0.711864406779661,0.6949152542372882,0.7166666666666667,42.61666666666666,1234,260,395,140
mixed,SSTF,183.0,106.21666666666667,25.58846853999321,62.0,153.0,91.0,13.694915254237289,16.730419101083598,0.6271186440677966,0.6271186440677966,0.7666666666666667,76.78333333333333,929,153,368,121
mixed,SSTF,135.0,96.31666666666666,49.44811815316018,17.0,172.0,155.0,15.11864406779661,22.631974340923673,0.6440677966101694,0.6949152542372882,0.7833333333333333,38.68333333333334,915,246,393,192
mixed,SSTF,20.0,102.16666666666667,58.264959929236674,0.0,199.0,199.0,26.847457627118644,39.787066103566374,0.7288135593220338,0.711864406779661,0.7333333333333333,82.16666666666667,1703,378,394,221
mixed,SCAN,159.0,69.23333333333333,50.482791347371254,6.0,182.0,176.0,33.898305084745765,43.717775508737255,0.5423728813559322,0.6779661016949152,0.8833333333333333,89.76666666666667,2151,233,396,329
mixed,SCAN,111.0,120.75,66.80908745572467,1.0,198.0,197.0,33.983050847457626,48.62952005933026,0.559322033898305,0.6949152542372882,0.8,9.75,2048,286,397,336
mixed,SSTF,79.0,114.33333333333333,53.956052075328444,0.0,189.0,189.0,44.03389830508475,55.554818278487424,0.5084745762711864,0.711864406779661,0.8,35.33333333333333,2613,319,396,303
mixed,SSTF,148.0,99.31666666666666,32.90212336950645,22.0,146.0,124.0,19.406779661016948,27.104392441621282,0.6440677966101694,0.711864406779661,0.8166666666666667,48.68333333333334,1230,228,396,126
mixed,SSTF,174.0,102.68333333333334,52.452356688925065,27.0,183.0,156.0,19.322033898305083,26.53391860508402,0.711864406779661,0.6779661016949152,0.8166666666666667,71.31666666666666,1287,197,397,165
mixed,SSTF,76.0,108.11666666666666,45.88721378433092,14.0,193.0,179.0,30.728813559322035,39.81645623015629,0.5423728813559322,0.7966101694915254,0.9333333333333333,32.11666666666666,1840,308,397,298
mixed,SSTF,75.0,85.46666666666667,36.39389448184345,3.0,173.0,170.0,26.93220338983051,38.44426492098093,0.5932203389830508,0.6101694915254238,0.6833333333333333,10.466666666666669,1600,320,397,314
mixed,SSTF,47.0,87.41666666666667,47.778060399680896,10.0,196.0,186.0,39.271186440677965,51.10634658537257,0.576271186440678,0.7796610169491526,0.8333333333333334,40.41666666666667,2346,341,395,225
mixed,SSTF,128.0,79.28333333333333,33.143170068993435,10.0,142.0,132.0,25.305084745762713,35.68945827233132,0.5932203389830508,0.6779661016949152,0.75,48.71666666666667,1563,260,397,148
mixed,SCAN,17.0,106.08333333333333,25.20336727943753,74.0,153.0,79.0,20.949152542372882,26.335143580725145,0.6271186440677966,0.711864406779661,0.6833333333333333,89.08333333333333,1294,136,136,136
mixed,SSTF,25.0,94.9,42.520465660667455,1.0,199.0,198.0,38.101694915254235,47.97446174974879,0.5084745762711864,0.7288135593220338,0.8833333333333333,69.9,2292,372,396,226
mixed,SSTF,196.0,70.85,46.785262993097874,4.0,194.0,190.0,36.101694915254235,51.81443255364355,0.5254237288135594,0.5932203389830508,0.7666666666666667,125.15,2296,198,396,192
mixed,SSTF,169.0,92.03333333333333,51.948361111994885,14.0,182.0,168.0,49.40677966101695,65.11843672489246,0.5932203389830508,0.6101694915254238,0.7666666666666667,76.96666666666667,3013,215,397,181
mixed,SSTF,125.0,115.63333333333334,49.4961165704498,3.0,196.0,193.0,39.389830508474574,50.96193892127084,0.5254237288135594,0.7627118644067796,0.9166666666666666,9.36666666666666,2393,270,397,266
mixed,SSTF,134.0,109.23333333333333,47.05718743070913,39.0,168.0,129.0,30.1864406779661,45.992068061996974,0.6440677966101694,0.711864406779661,0.6666666666666666,24.766666666666666,1804,225,397,209
mixed,SSTF,193.0,77.31666666666666,27.25160036075354,12.0,128.0,116.0,8.694915254237289,9.939229307652898,0.8135593220338984,0.7288135593220338,0.7166666666666667,115.68333333333334,694,193,333,181
mixed,SSTF,73.0,91.58333333333333,38.079430872264304,9.0,185.0,176.0,33.28813559322034,45.999650274078675,0.559322033898305,0.7288135593220338,0.8166666666666667,18.58333333333333,1987,316,394,288
mixed,SCAN,189.0,124.68333333333334,55.579819978917605,2.0,196.0,194.0,38.69491525423729,49.875524460872136,0.5423728813559322,0.6610169491525424,0.7833333333333333,64.31666666666666,2342,207,396,381
mixed,SSTF,15.0,107.71666666666667,50.56813610257836,8.0,198.0,190.0,33.91525423728814,45.88315600082867,0.5423728813559322,0.7796610169491526,0.9,92.71666666666667,2051,375,393,373
mixed,SSTF,131.0,155.0,19.078784028338912,124.0,187.0,63.0,8.423728813559322,10.92067451482102,0.6949152542372882,0.6779661016949152,0.65,24.0,523,143,397,80
mixed,SSTF,96.0,111.38333333333334,42.209829687197534,17.0,179.0,162.0,26.508474576271187,33.43618910313912,0.576271186440678,0.6779661016949152,0.75,15.38333333333334,1567,285,395,245
mixed,SSTF,82.0,85.35,52.13182808994904,4.0,193.0,189.0,30.796610169491526,40.906167808537575,0.559322033898305,0.7966101694915254,0.9166666666666666,3.3499999999999943,1895,312,395,267
mixed,SSTF,94.0,76.51666666666667,31.549163574050933,34.0,142.0,108.0,16.52542372881356,27.349809240622136,0.7627118644067796,0.6949152542372882,0.6666666666666666,17.483333333333334,1035,270,393,168
mixed,SSTF,63.0,84.76666666666667,51.470822371082775,13.0,178.0,165.0,19.338983050847457,26.965521092301806,0.5932203389830508,0.7288135593220338,0.7833333333333333,21.766666666666666,1191,322,392,280
mixed,SCAN,107.0,117.93333333333334,57.46357300257461,3.0,199.0,196.0,22.677966101694917,34.235693871255314,0.559322033898305,0.8135593220338984,0.8666666666666667,10.933333333333337,1373,288,392,288
mixed,SCAN,117.0,89.55,46.22460564100754,5.0,195.0,190.0,36.16949152542373,46.82102690841373,0.5084745762711864,0.7627118644067796,0.85,27.450000000000003,2212,276,394,302
mixed,SSTF,122.0,111.7,36.91219310742725,63.0,176.0,113.0,14.728813559322035,17.283116586175698,0.6440677966101694,0.6440677966101694,0.65,10.299999999999997,927,213,397,169
mixed,SSTF,191.0,91.0,31.57794589055258,24.0,141.0,117.0,8.322033898305085,8.533961422350872,0.7288135593220338,0.7288135593220338,0.8,100.0,658,183,348,167
mixed,SSTF,10.0,92.98333333333333,54.18009833467964,1.0,196.0,195.0,20.06779661016949,32.948271941918776,0.6779661016949152,0.7288135593220338,0.8333333333333334,82.98333333333333,1332,387,395,204
mixed,SCAN,168.0,87.2,49.909518130312584,6.0,199.0,193.0,31.88135593220339,41.71577953926101,0.576271186440678,0.7288135593220338,0.8833333333333333,80.8,1911,224,384,224
mixed,SSTF,14.0,99.76666666666667,64.76248056466714,2.0,199.0,197.0,42.152542372881356,53.72807035790321,0.5254237288135594,0.6949152542372882,0.9,85.76666666666667,2611,382,396,211
mixed,SCAN,46.0,111.93333333333334,66.02622374649502,3.0,199.0,196.0,35.30508474576271,46.87967079094513,0.5423728813559322,0.6949152542372882,0.9,65.93333333333334,2182,349,384,349
mixed,SSTF,20.0,116.06666666666666,59.84615461516489,2.0,199.0,197.0,31.10169491525424,42.963798286801385,0.559322033898305,0.6949152542372882,0.9333333333333333,96.06666666666666,1938,376,397,215
mixed,SSTF,138.0,38.5,20.8754241473876,1.0,90.0,89.0,9.016949152542374,9.869472751228663,0.6779661016949152,0.7457627118644068,0.6833333333333333,99.5,669,259,350,137
mixed,SSTF,164.0,101.11666666666666,37.49581828536202,38.0,155.0,117.0,21.322033898305083,31.351717536259912,0.7288135593220338,0.7288135593220338,0.75,62.88333333333334,1384,196,389,126
mixed,SSTF,4.0,104.45,51.3486205592062,2.0,198.0,196.0,43.20338983050848,52.90021936483847,0.559322033898305,0.711864406779661,0.85,100.45,2602,392,396,212
mixed,SSTF,66.0,83.31666666666666,25.611515422212374,25.0,122.0,97.0,17.89830508474576,24.791123968786426,0.6779661016949152,0.711864406779661,0.7333333333333333,17.316666666666663,1060,307,394,153
mixed,SCAN,161.0,127.53333333333333,49.45653535063783,44.0,196.0,152.0,31.1864406779661,47.89447247972241,0.6779661016949152,0.7966101694915254,0.75,33.46666666666667,1922,193,397,193
mixed,SSTF,7.0,80.21666666666667,55.122920721682455,4.0,199.0,195.0,14.135593220338983,26.313274105280303,0.6440677966101694,0.711864406779661,0.85,73.21666666666667,975,387,395,198
mixed,SSTF,41.0,113.85,44.91912176345392,0.0,198.0,198.0,39.52542372881356,49.02899727684624,0.5084745762711864,0.5932203389830508,0.8166666666666667,72.85,2405,357,393,239
mixed,SSTF,76.0,110.2,63.466999298848215,0.0,197.0,197.0,43.067796610169495,53.45071051414665,0.5423728813559322,0.7457627118644068,0.85,34.2,2578,322,394,273
mixed,SCAN,5.0,142.2,32.832301168209334,97.0,199.0,102.0,9.101694915254237,12.755450699641747,0.711864406779661,0.711864406779661,0.8333333333333334,137.2,677,194,194,194
mixed,SSTF,157.0,97.75,40.56625239448837,0.0,154.0,154.0,30.52542372881356,39.25378355172325,0.559322033898305,0.6949152542372882,0.8333333333333334,59.25,1892,241,395,157
mixed,SCAN,129.0,97.26666666666667,42.319367775155726,38.0,178.0,140.0,23.23728813559322,34.37447761479233,0.711864406779661,0.6779661016949152,0.7,31.733333333333334,1454,231,373,231
mixed,SSTF,65.0,92.91666666666667,26.642254450819703,32.0,130.0,98.0,21.11864406779661,31.367739416916063,0.6779661016949152,0.711864406779661,0.6666666666666666,27.91666666666667,1257,301,377,163
mixed,SSTF,62.0,104.8,51.076021771473165,5.0,192.0,187.0,36.067796610169495,51.27918413599759,0.4915254237288136,0.7627118644067796,0.9,42.8,2144,331,397,319
mixed,SCAN,152.0,102.71666666666667,60.42904700739721,0.0,199.0,199.0,35.05084745762712,48.324967659397515,0.5084745762711864,0.7288135593220338,0.9166666666666666,49.28333333333333,2122,246,393,246
mixed,SCAN,180.0,91.13333333333334,43.44746508396344,17.0,198.0,181.0,28.25423728813559,40.72295534725938,0.5423728813559322,0.5932203389830508,0.75,88.86666666666666,1783,201,397,344
mixed,SSTF,44.0,102.61666666666666,66.798725453576,0.0,198.0,198.0,40.16949152542373,46.993383069149495,0.4915254237288136,0.7457627118644068,0.8666666666666667,58.61666666666666,2471,354,395,242
mixed,SSTF,141.0,85.83333333333333,46.294768122926754,0.0,183.0,183.0,32.76271186440678,44.89888412906964,0.5423728813559322,0.7457627118644068,0.85,55.16666666666667,2031,257,389,225
mixed,SSTF,173.0,80.03333333333333,49.686002947398464,1.0,190.0,189.0,38.33898305084746,50.766868339495915,0.5254237288135594,0.6779661016949152,0.8333333333333334,92.96666666666667,2397,224,385,206
mixed,SSTF,54.0,132.9,46.80943637060089,5.0,198.0,193.0,34.33898305084746,44.27212084045192,0.5423728813559322,0.6949152542372882,0.8,78.9,2076,339,388,337
mixed,SSTF,71.0,103.11666666666666,62.616848549110344,0.0,198.0,198.0,38.83050847457627,47.02835514747509,0.5084745762711864,0.711864406779661,0.8833333333333333,32.11666666666666,2332,327,386,325
mixed,SSTF,145.0,104.03333333333333,27.789066595015786,63.0,170.0,107.0,19.52542372881356,25.67552150359308,0.6440677966101694,0.6779661016949152,0.6666666666666666,40.96666666666667,1234,190,371,132
mixed,SCAN,168.0,113.71666666666667,40.794236384840225,33.0,199.0,166.0,28.45762711864407,36.7231151672863,0.559322033898305,0.6779661016949152,0.8166666666666667,54.28333333333333,1784,197,390,197
mixed,SSTF,85.0,70.51666666666667,43.011429359596455,16.0,137.0,121.0,16.10169491525424,20.56712442945668,0.6610169491525424,0.6271186440677966,0.7,14.483333333333334,1018,297,397,210
mixed,SSTF,89.0,127.85,47.249276890410364,39.0,197.0,158.0,27.779661016949152,40.896341801760784,0.6779661016949152,0.6949152542372882,0.8166666666666667,38.849999999999994,1663,270,374,266
mixed,SCAN,155.0,117.73333333333333,52.59970426617329,1.0,198.0,197.0,35.101694915254235,49.25880973095385,0.5423728813559322,0.7627118644067796,0.8833333333333333,37.266666666666666,2135,242,395,359
mixed,SSTF,137.0,115.95,53.16559821287948,2.0,198.0,196.0,39.69491525423729,48.66009893519174,0.5423728813559322,0.7966101694915254,0.8833333333333333,21.049999999999997,2396,259,393,257
mixed,SSTF,154.0,66.33333333333333,50.88865841772168,7.0,197.0,190.0,30.966101694915253,41.230220158213356,0.5423728813559322,0.6271186440677966,0.7833333333333333,87.66666666666667,1964,237,391,233
mixed,SSTF,142.0,137.13333333333333,52.15153135069212,1.0,197.0,196.0,24.64406779661017,37.22390461757679,0.6779661016949152,0.6949152542372882,0.6166666666666667,4.866666666666674,1462,255,355,251
mixed,SCAN,118.0,93.41666666666667,39.744723619061126,27.0,198.0,171.0,25.89830508474576,31.20663495034145,0.5423728813559322,0.6949152542372882,0.8,24.58333333333333,1597,253,396,257
mixed,SSTF,101.0,59.81666666666667,26.93850507276815,14.0,114.0,100.0,16.694915254237287,19.727168083281455,0.6101694915254238,0.711864406779661,0.75,41.18333333333333,1061,283,396,187
mixed,SCAN,125.0,106.71666666666667,31.999526906225068,21.0,177.0,156.0,28.0,37.3599078139174,0.576271186440678,0.6610169491525424,0.75,18.28333333333333,1681,252,397,260
mixed,SSTF,16.0,71.61666666666666,38.9542858860086,3.0,137.0,134.0,23.64406779661017,30.813139785699065,0.5932203389830508,0.7288135593220338,0.8666666666666667,55.61666666666666,1408,379,396,263
mixed,SSTF,133.0,99.86666666666666,25.18694547225253,55.0,157.0,102.0,26.10169491525424,31.90807501816038,0.559322033898305,0.5932203389830508,0.75,33.13333333333334,1587,210,381,126
mixed,SSTF,115.0,135.28333333333333,52.82836727449457,41.0,191.0,150.0,35.186440677966104,55.49392227411147,0.6949152542372882,0.5932203389830508,0.6333333333333333,20.28333333333333,2110,242,344,226
mixed,SSTF,39.0,105.33333333333333,45.05058884804454,9.0,198.0,189.0,35.11864406779661,50.776040241123845,0.576271186440678,0.711864406779661,0.8166666666666667,66.33333333333333,2107,350,387,348
mixed,SCAN,98.0,145.65,24.296656148532044,104.0,190.0,86.0,12.677966101694915,17.169583549203754,0.7288135593220338,0.7627118644067796,0.7666666666666667,47.650000000000006,754,92,92,92
mixed,SSTF,79.0,79.76666666666667,55.15020902549287,6.0,197.0,191.0,48.76271186440678,56.84720495582751,0.5254237288135594,0.6949152542372882,0.9,0.7666666666666657,2938,313,394,288
mixed,SCAN,72.0,137.46666666666667,24.749725026530882,101.0,173.0,72.0,4.4576271186440675,5.415990242018301,0.8983050847457628,0.5932203389830508,0.65,65.46666666666667,292,101,101,101
mixed,SSTF,54.0,105.6,43.767263260721855,8.0,193.0,185.0,30.728813559322035,41.05219105136512,0.576271186440678,0.6779661016949152,0.8,51.599999999999994,1857,336,396,231
mixed,SSTF,157.0,98.98333333333333,42.160997642634385,1.0,196.0,195.0,34.69491525423729,43.247907458848104,0.559322033898305,0.6101694915254238,0.7666666666666667,58.016666666666666,2131,240,392,234
mixed,SCAN,111.0,74.13333333333334,47.649227579142234,1.0,170.0,169.0,33.16949152542373,47.216469599456175,0.6949152542372882,0.7627118644067796,0.8666666666666667,36.86666666666666,2067,286,392,293
mixed,SSTF,22.0,119.1,62.53550991236899,1.0,196.0,195.0,39.0,50.708204798615235,0.5084745762711864,0.7457627118644068,0.8333333333333334,97.1,2413,375,394,216
mixed,SSTF,22.0,111.58333333333333,45.39687642216024,4.0,195.0,191.0,40.05084745762712,49.14848609797146,0.4915254237288136,0.7627118644067796,0.8166666666666667,89.58333333333333,2400,372,392,223
mixed,SCAN,170.0,93.98333333333333,39.866649247487835,4.0,198.0,194.0,32.32203389830509,43.70875903297005,0.559322033898305,0.6271186440677966,0.7666666666666667,76.01666666666667,1996,224,393,362
mixed,SSTF,106.0,134.25,54.67102370848138,1.0,198.0,197.0,16.203389830508474,30.074359629975778,0.7457627118644068,0.711864406779661,0.7833333333333333,28.25,991,291,394,289
mixed,SCAN,199.0,91.75,30.681495508965444,42.0,146.0,104.0,13.491525423728813,17.06157629906087,0.6779661016949152,0.711864406779661,0.7,107.25,911,157,345,157
mixed,SCAN,12.0,96.41666666666667,42.27816286873822,35.0,198.0,163.0,30.661016949152543,36.26111059163378,0.4915254237288136,0.6779661016949152,0.8333333333333334,84.41666666666667,1832,186,186,186
mixed,SSTF,34.0,110.75,49.422203174956366,21.0,172.0,151.0,29.796610169491526,42.428715756106016,0.6101694915254238,0.6440677966101694,0.6666666666666666,76.75,1853,343,395,224
mixed,SSTF,71.0,82.36666666666666,42.75159516192219,17.0,195.0,178.0,32.271186440677965,42.08620310520655,0.5254237288135594,0.711864406779661,0.85,11.36666666666666,1940,310,397,232
mixed,SSTF,33.0,125.6,56.437339885339505,4.0,198.0,194.0,42.57627118644068,53.96238595503683,0.559322033898305,0.7288135593220338,0.8,92.6,2596,361,392,251
mixed,SSTF,96.0,80.78333333333333,42.45157698942277,15.0,146.0,131.0,16.28813559322034,22.511052537686812,0.6271186440677966,0.711864406779661,0.8,15.216666666666669,1040,287,376,181
mixed,SCAN,22.0,128.16666666666666,38.1794738337529,61.0,185.0,124.0,16.06779661016949,26.308382634437802,0.7457627118644068,0.6949152542372882,0.7166666666666667,106.16666666666666,1052,163,163,163
mixed,SCAN,143.0,123.1,56.58936884845657,1.0,199.0,198.0,16.576271186440678,29.76985358892648,0.6101694915254238,0.7288135593220338,0.85,19.900000000000006,982,254,397,254
mixed,SSTF,130.0,124.23333333333333,59.21890651547772,0.0,193.0,193.0,32.94915254237288,48.15667358888301,0.5932203389830508,0.7457627118644068,0.85,5.766666666666666,1966,268,397,258
mixed,SSTF,85.0,127.91666666666667,61.7282462806849,0.0,198.0,198.0,37.42372881355932,51.80772908433268,0.5254237288135594,0.6949152542372882,0.85,42.91666666666667,2268,313,394,283
mixed,SSTF,196.0,91.83333333333333,46.87471481394728,12.0,190.0,178.0,35.96610169491525,46.19229009763679,0.559322033898305,0.7288135593220338,0.8833333333333333,104.16666666666667,2276,190,392,184
mixed,SCAN,45.0,140.08333333333334,53.71104531554836,0.0,199.0,199.0,39.45762711864407,50.04043179977983,0.5254237288135594,0.6271186440677966,0.8666666666666667,95.08333333333334,2424,353,389,353
mixed,SSTF,46.0,126.6,50.266025636938245,2.0,187.0,185.0,39.32203389830509,48.94564286211074,0.5084745762711864,0.6101694915254238,0.7166666666666667,80.6,2414,350,376,326
mixed,SCAN,96.0,106.58333333333333,63.67555566219182,3.0,199.0,196.0,41.271186440677965,51.078480827811475,0.4745762711864407,0.7288135593220338,0.8666666666666667,10.583333333333329,2475,299,396,307
mixed,SCAN,3.0,131.85,28.29948468317636,99.0,194.0,95.0,18.71186440677966,28.782675372673978,0.7288135593220338,0.7288135593220338,0.7333333333333333,128.85,1201,191,191,191
mixed,SSTF,63.0,99.43333333333334,62.092234261262945,1.0,195.0,194.0,41.186440677966104,51.831694569129205,0.5254237288135594,0.7457627118644068,0.9666666666666667,36.43333333333334,2493,334,393,326
mixed,SSTF,183.0,115.08333333333333,34.43171583809839,73.0,176.0,103.0,21.559322033898304,33.22816407320686,0.711864406779661,0.711864406779661,0.6333333333333333,67.91666666666667,1382,142,391,110
mixed,SCAN,175.0,98.01666666666667,45.18314275135018,7.0,199.0,192.0,37.3728813559322,51.24414751373713,0.5932203389830508,0.6271186440677966,0.7666666666666667,76.98333333333333,2311,216,397,360
mixed,SSTF,66.0,74.58333333333333,45.5632496890007,8.0,158.0,150.0,12.864406779661017,17.48845394133681,0.6610169491525424,0.6949152542372882,0.8833333333333333,8.583333333333329,766,324,393,208
mixed,SCAN,152.0,111.86666666666666,44.63797586012261,1.0,187.0,186.0,32.355932203389834,43.513396616995394,0.5423728813559322,0.6779661016949152,0.8166666666666667,40.13333333333334,1987,245,395,337
mixed,SSTF,74.0,121.95,36.700329244663,62.0,192.0,130.0,25.033898305084747,31.591119810872684,0.6440677966101694,0.7288135593220338,0.85,47.95,1477,262,396,248
mixed,SSTF,191.0,119.4,59.14253968168766,3.0,198.0,195.0,41.96610169491525,55.346969081406186,0.5423728813559322,0.7288135593220338,0.8333333333333334,71.6,2562,204,395,202
mixed,SCAN,182.0,121.76666666666667,43.540925831018136,4.0,194.0,190.0,36.355932203389834,50.26767762649778,0.5423728813559322,0.7457627118644068,0.8666666666666667,60.233333333333334,2225,212,394,368
mixed,SSTF,191.0,104.98333333333333,45.38042590760421,0.0,197.0,197.0,34.74576271186441,44.34708758149336,0.5254237288135594,0.7288135593220338,0.85,86.01666666666667,2174,207,392,203
mixed,SCAN,46.0,98.53333333333333,30.49014412705996,47.0,143.0,96.0,8.203389830508474,11.16103947078278,0.6949152542372882,0.5932203389830508,0.6333333333333333,52.53333333333333,549,97,97,97
mixed,SCAN,14.0,60.68333333333333,11.218276258954502,42.0,81.0,39.0,8.084745762711865,10.23004570394751,0.7457627118644068,0.6610169491525424,0.5166666666666667,46.68333333333333,513,67,67,67
mixed,SCAN,121.0,65.95,46.14738165197819,7.0,180.0,173.0,30.88135593220339,40.87935318477429,0.559322033898305,0.6271186440677966,0.8166666666666667,55.05,1935,270,397,287
mixed,SSTF,152.0,84.83333333333333,51.08756099961016,7.0,198.0,191.0,36.79661016949152,45.63925594731254,0.5423728813559322,0.7288135593220338,0.8833333333333333,67.16666666666667,2316,239,386,237
mixed,SCAN,16.0,121.7,56.26434631866496,32.0,193.0,161.0,29.76271186440678,46.32067261266679,0.7288135593220338,0.6779661016949152,0.6333333333333333,105.7,1876,177,177,177
mixed,SSTF,102.0,107.81666666666666,35.75588141209157,58.0,167.0,109.0,7.694915254237288,10.800587299298465,0.7288135593220338,0.6440677966101694,0.75,5.816666666666663,497,238,386,153
mixed,SCAN,168.0,112.28333333333333,29.439254783744477,69.0,172.0,103.0,18.338983050847457,29.019344903474842,0.6779661016949152,0.711864406779661,0.7666666666666667,55.71666666666667,1158,161,397,202
mixed,SCAN,78.0,107.28333333333333,45.726393423881085,5.0,198.0,193.0,34.983050847457626,47.88775418477903,0.5423728813559322,0.6101694915254238,0.75,29.28333333333333,2068,315,396,329
mixed,SSTF,198.0,145.31666666666666,29.156755458879317,92.0,190.0,98.0,23.28813559322034,30.797342416413432,0.6779661016949152,0.6271186440677966,0.7666666666666667,52.68333333333334,1451,108,390,106
mixed,SCAN,17.0,71.01666666666667,32.49076364479946,19.0,152.0,133.0,25.084745762711865,35.39955383018325,0.6101694915254238,0.6610169491525424,0.7666666666666667,54.016666666666666,1504,135,135,135
mixed,SSTF,113.0,76.18333333333334,59.29741187906565,2.0,170.0,168.0,30.491525423728813,45.94077723468901,0.6949152542372882,0.6949152542372882,0.6833333333333333,36.81666666666666,1910,283,345,225
mixed,SSTF,128.0,90.48333333333333,32.8285910280793,36.0,135.0,99.0,20.491525423728813,30.265700719559817,0.6949152542372882,0.6610169491525424,0.75,37.516666666666666,1259,234,397,191
mixed,SCAN,122.0,122.61666666666666,64.96437271475976,2.0,198.0,196.0,34.74576271186441,48.879510531939644,0.6440677966101694,0.7288135593220338,0.75,0.61666666666666,2073,274,389,316
mixed,SCAN,8.0,51.8,19.734740940787646,9.0,94.0,85.0,10.915254237288135,12.89893982713994,0.6440677966101694,0.711864406779661,0.7,43.8,669,86,86,86
mixed,SSTF,103.0,84.78333333333333,46.7589890347894,13.0,192.0,179.0,31.372881355932204,40.08968687072404,0.559322033898305,0.7288135593220338,0.85,18.21666666666667,1937,282,397,271
mixed,SSTF,7.0,104.2,43.17591921430278,1.0,188.0,187.0,32.76271186440678,45.86802696574747,0.576271186440678,0.6101694915254238,0.7666666666666667,97.2,2016,390,392,201
mixed,SSTF,67.0,69.63333333333334,59.19402184530311,1.0,195.0,194.0,36.389830508474574,50.534437645103615,0.5254237288135594,0.7288135593220338,0.9,2.63333333333334,2210,330,396,260
mixed,SSTF,191.0,91.45,32.51380476043983,30.0,163.0,133.0,19.389830508474578,24.147159673764026,0.6271186440677966,0.7627118644067796,0.7333333333333333,99.55,1305,177,370,161
mixed,SSTF,180.0,113.1,37.45650811274324,20.0,197.0,177.0,29.322033898305083,37.99752029285109,0.576271186440678,0.6779661016949152,0.8166666666666667,66.9,1818,198,376,194
mixed,SSTF,142.0,85.65,45.25955700180902,4.0,197.0,193.0,34.20338983050848,44.089961831144294,0.5423728813559322,0.6610169491525424,0.8833333333333333,56.349999999999994,2101,252,390,248
mixed,SCAN,199.0,108.68333333333334,45.901158905727954,5.0,197.0,192.0,28.8135593220339,38.41101297596435,0.5254237288135594,0.6610169491525424,0.85,90.31666666666666,1804,194,396,194
mixed,SSTF,124.0,120.91666666666667,37.86083801972106,51.0,187.0,136.0,23.135593220338983,30.344048436152143,0.6271186440677966,0.7288135593220338,0.7666666666666667,3.0833333333333286,1415,223,397,199
mixed,SCAN,79.0,105.96666666666667,57.76474318782657,3.0,199.0,196.0,21.305084745762713,32.60199340754121,0.6271186440677966,0.711864406779661,0.8333333333333334,26.96666666666667,1311,316,371,316
mixed,SCAN,131.0,119.91666666666667,57.36557959458113,4.0,197.0,193.0,34.88135593220339,49.98545033926447,0.559322033898305,0.7457627118644068,0.8666666666666667,11.083333333333329,2070,263,397,320
mixed,SSTF,67.0,105.56666666666666,36.236430410415544,47.0,186.0,139.0,15.372881355932204,21.849949233998153,0.6101694915254238,0.6949152542372882,0.8666666666666667,38.56666666666666,927,284,397,159
mixed,SSTF,40.0,111.3,39.851934290152926,1.0,196.0,195.0,36.898305084745765,46.73607647829339,0.5084745762711864,0.711864406779661,0.8333333333333334,71.3,2219,357,387,234
mixed,SSTF,182.0,106.48333333333333,51.23231131056086,0.0,198.0,198.0,12.23728813559322,27.33864154378104,0.7966101694915254,0.7288135593220338,0.8,75.51666666666667,775,216,396,214
mixed,SSTF,165.0,93.75,48.170746655343976,13.0,162.0,149.0,19.033898305084747,24.73929564902762,0.711864406779661,0.8135593220338984,0.8,71.25,1275,220,395,152
mixed,SCAN,85.0,139.26666666666668,32.76322464118709,1.0,199.0,198.0,16.83050847457627,32.11956082945479,0.711864406779661,0.7288135593220338,0.8333333333333334,54.26666666666668,1024,312,314,312
mixed,SSTF,195.0,77.41666666666667,45.29506656972209,6.0,162.0,156.0,29.661016949152543,35.963545652715716,0.5932203389830508,0.7288135593220338,0.7833333333333333,117.58333333333333,1939,197,365,189
mixed,SSTF,110.0,105.46666666666667,70.67683889051317,0.0,198.0,198.0,39.96610169491525,52.34014115694226,0.5254237288135594,0.711864406779661,0.8833333333333333,4.533333333333331,2403,288,368,286
mixed,SSTF,92.0,119.11666666666666,60.07858511057737,2.0,198.0,196.0,35.49152542372882,45.388482404253374,0.5932203389830508,0.6610169491525424,0.8166666666666667,27.11666666666666,2145,304,357,302
mixed,SSTF,125.0,97.33333333333333,39.2838672004453,57.0,187.0,130.0,24.11864406779661,30.567560486464263,0.6271186440677966,0.559322033898305,0.6333333333333333,27.66666666666667,1488,216,392,212
mixed,SSTF,89.0,88.38333333333334,48.197887805264756,0.0,196.0,196.0,33.16949152542373,45.20130211952722,0.5423728813559322,0.6949152542372882,0.8666666666666667,0.61666666666666,1995,309,396,285
mixed,SSTF,131.0,119.86666666666666,40.058485021555946,50.0,187.0,137.0,23.389830508474578,33.07824158072747,0.6949152542372882,0.6949152542372882,0.8333333333333334,11.13333333333334,1413,217,395,193
mixed,SSTF,162.0,56.21666666666667,50.715248090578136,7.0,179.0,172.0,45.610169491525426,67.45469715125762,0.6949152542372882,0.559322033898305,0.7,105.78333333333333,2820,229,299,189
mixed,SCAN,150.0,118.43333333333334,40.17103710662972,35.0,184.0,149.0,32.47457627118644,43.46296141142435,0.5932203389830508,0.6610169491525424,0.8166666666666667,31.566666666666663,1964,213,396,264
mixed,SSTF,75.0,125.61666666666666,51.31571938066888,0.0,197.0,197.0,39.898305084745765,49.65566003386168,0.5254237288135594,0.7288135593220338,0.9,50.61666666666666,2393,323,393,272
mixed,SSTF,104.0,113.18333333333334,30.37789309496116,62.0,160.0,98.0,20.491525423728813,29.266961115348472,0.6440677966101694,0.6779661016949152,0.7166666666666667,9.183333333333337,1239,232,397,142
mixed,SCAN,4.0,121.28333333333333,52.004195877725955,4.0,199.0,195.0,37.05084745762712,50.37164380166499,0.5423728813559322,0.6271186440677966,0.7833333333333333,117.28333333333333,2318,195,195,195
mixed,SSTF,4.0,65.21666666666667,46.615480857281256,3.0,196.0,193.0,37.3728813559322,47.86630331864686,0.5423728813559322,0.6440677966101694,0.8,61.21666666666667,2228,391,397,194
mixed,SSTF,132.0,105.71666666666667,39.83971706169053,3.0,190.0,187.0,33.42372881355932,44.59733342709869,0.559322033898305,0.6440677966101694,0.7333333333333333,26.28333333333333,2018,263,380,245
mixed,SSTF,99.0,89.63333333333334,71.31034676367487,1.0,199.0,198.0,10.966101694915254,26.152075525562832,0.7288135593220338,0.6271186440677966,0.7833333333333333,9.36666666666666,701,298,350,296
mixed,SSTF,79.0,108.98333333333333,42.506662876411376,5.0,192.0,187.0,31.54237288135593,42.31893515124803,0.5084745762711864,0.576271186440678,0.7833333333333333,29.983333333333334,1876,314,394,263
mixed,SCAN,3.0,67.21666666666667,40.13231933934987,13.0,147.0,134.0,7.576271186440678,14.886239112331522,0.847457627118644,0.711864406779661,0.7333333333333333,64.21666666666667,503,144,144,144
mixed,SSTF,43.0,126.65,47.53483810147389,9.0,193.0,184.0,37.186440677966104,46.48508949069954,0.559322033898305,0.711864406779661,0.85,83.65,2257,346,390,334
mixed,SSTF,186.0,144.38333333333333,24.111609697865923,76.0,177.0,101.0,16.1864406779661,22.234859313410524,0.6271186440677966,0.6271186440677966,0.7166666666666667,41.616666666666674,996,136,389,110
mixed,SSTF,15.0,129.16666666666666,42.84591254976631,2.0,193.0,191.0,33.016949152542374,42.38583530803807,0.4915254237288136,0.7288135593220338,0.9,114.16666666666666,2030,381,385,369
mixed,SSTF,83.0,125.61666666666666,52.79965014614733,0.0,198.0,198.0,35.898305084745765,50.397973767197485,0.5254237288135594,0.6440677966101694,0.85,42.61666666666666,2160,315,388,299
mixed,SSTF,73.0,114.6,58.721148944254594,1.0,198.0,197.0,31.83050847457627,41.79252732749504,0.5084745762711864,0.6779661016949152,0.9166666666666666,41.599999999999994,1919,324,391,322
mixed,SSTF,131.0,123.7,32.23471213872813,58.0,177.0,119.0,20.23728813559322,28.626963100800705,0.6779661016949152,0.7627118644067796,0.7666666666666667,7.299999999999997,1236,209,397,192
mixed,SSTF,45.0,105.46666666666667,44.34390851314555,8.0,193.0,185.0,31.25423728813559,43.806428295530914,0.576271186440678,0.711864406779661,0.85,60.46666666666667,1891,345,397,222
mixed,SSTF,195.0,69.83333333333333,58.00493274043357,0.0,197.0,197.0,43.152542372881356,54.45377873903765,0.5084745762711864,0.7627118644067796,0.8,125.16666666666667,2732,203,387,199
mixed,SSTF,152.0,124.9,52.87018693618046,1.0,197.0,196.0,44.13559322033898,55.27234807692021,0.4915254237288136,0.7288135593220338,0.8333333333333334,27.099999999999994,2648,245,397,243
mixed,SSTF,11.0,77.18333333333334,48.15893536567805,1.0,183.0,182.0,39.983050847457626,49.662075536817156,0.5084745762711864,0.7627118644067796,0.8666666666666667,66.18333333333334,2366,386,390,354
mixed,SSTF,143.0,98.23333333333333,40.43446000079086,3.0,198.0,195.0,36.71186440677966,46.19048652781793,0.5254237288135594,0.5254237288135594,0.7666666666666667,44.766666666666666,2224,252,389,250
mixed,SCAN,181.0,126.23333333333333,51.75112451810964,23.0,186.0,163.0,19.89830508474576,29.576499440622797,0.6779661016949152,0.6440677966101694,0.7,54.766666666666666,1198,194,397,218
mixed,SCAN,191.0,146.91666666666666,37.17404635255923,0.0,196.0,196.0,13.508474576271187,33.174103071857644,0.7966101694915254,0.7796610169491526,0.7666666666666667,44.08333333333334,901,207,395,389
mixed,SCAN,0.0,104.75,44.11674852026155,12.0,190.0,178.0,42.440677966101696,49.05108757979481,0.5084745762711864,0.7457627118644068,0.85,104.75,2566,190,190,190
mixed,SCAN,18.0,94.5,66.83349958416562,4.0,199.0,195.0,49.30508474576271,57.33406543139186,0.4745762711864407,0.6949152542372882,0.9,76.5,3036,376,392,376
mixed,SCAN,18.0,85.88333333333334,17.285920732074285,51.0,117.0,66.0,6.932203389830509,8.82958126496182,0.7627118644067796,0.576271186440678,0.65,67.88333333333334,477,99,99,99
mixed,SSTF,36.0,106.8,62.713581729425506,1.0,198.0,197.0,40.220338983050844,51.34597431007801,0.5423728813559322,0.7288135593220338,0.9166666666666666,70.8,2464,361,395,244
mixed,SCAN,149.0,106.08333333333333,48.448010508401914,8.0,196.0,188.0,30.728813559322035,40.65932482472536,0.5932203389830508,0.7288135593220338,0.8833333333333333,42.91666666666667,1908,241,395,329
mixed,SSTF,7.0,119.25,63.78992214030886,1.0,199.0,198.0,40.559322033898304,55.56040267405442,0.5254237288135594,0.7457627118644068,0.8166666666666667,112.25,2535,390,397,210
mixed,SSTF,95.0,89.15,23.24064327853255,36.0,133.0,97.0,10.220338983050848,14.479755354954301,0.711864406779661,0.7627118644067796,0.75,5.849999999999994,653,267,397,135
mixed,SCAN,184.0,98.36666666666666,49.93427902976293,6.0,199.0,193.0,35.23728813559322,44.31449201802141,0.559322033898305,0.7457627118644068,0.9,85.63333333333334,2238,208,395,371
mixed,SSTF,24.0,114.75,46.40747964139689,2.0,198.0,196.0,26.220338983050848,34.347707493435166,0.5932203389830508,0.711864406779661,0.8666666666666667,90.75,1617,372,382,218
mixed,SCAN,186.0,120.43333333333334,54.31340125195213,0.0,196.0,196.0,17.084745762711865,32.63630511219126,0.711864406779661,0.711864406779661,0.75,65.56666666666666,1045,212,396,386
mixed,SSTF,31.0,66.56666666666666,50.72585358791139,4.0,189.0,185.0,38.389830508474574,48.68648124380603,0.5423728813559322,0.6101694915254238,0.7666666666666667,35.56666666666666,2272,363,397,214
mixed,SCAN,59.0,107.86666666666666,34.04627569777477,67.0,184.0,117.0,12.457627118644067,16.342024472535815,0.7796610169491526,0.7288135593220338,0.6666666666666666,48.86666666666666,743,125,125,125
mixed,SSTF,90.0,64.41666666666667,23.00673210654269,20.0,107.0,87.0,11.35593220338983,13.588083902117946,0.6101694915254238,0.6779661016949152,0.7666666666666667,25.58333333333333,740,288,397,157
mixed,SCAN,119.0,87.01666666666667,45.33486210657558,5.0,198.0,193.0,36.66101694915254,50.31177716002201,0.559322033898305,0.6271186440677966,0.7666666666666667,31.983333333333334,2212,274,392,307
mixed,SSTF,24.0,114.35,73.04560789899234,1.0,199.0,198.0,49.54237288135593,58.00184743811047,0.5084745762711864,0.6610169491525424,0.8166666666666667,90.35,3054,373,397,221
mixed,SCAN,106.0,104.13333333333334,39.62173926296298,12.0,198.0,186.0,33.16949152542373,39.60275308970106,0.4915254237288136,0.711864406779661,0.8833333333333333,1.86666666666666,2008,280,396,284
mixed,SSTF,191.0,90.6,39.208927554831185,11.0,181.0,170.0,31.135593220338983,43.173460785226766,0.559322033898305,0.6610169491525424,0.8333333333333334,100.4,1956,196,388,180
mixed,SCAN,160.0,85.3,48.169942218496935,5.0,198.0,193.0,31.796610169491526,38.83157009401855,0.5254237288135594,0.7457627118644068,0.9,74.7,2026,233,385,350
mixed,SSTF,17.0,113.48333333333333,65.61516381311733,0.0,198.0,198.0,32.559322033898304,47.395655663906034,0.6271186440677966,0.711864406779661,0.7666666666666667,96.48333333333333,2055,381,393,217
mixed,SCAN,11.0,91.18333333333334,36.00207941525354,35.0,157.0,122.0,28.322033898305083,35.50098622548255,0.6271186440677966,0.6610169491525424,0.75,80.18333333333334,1704,146,146,146
mixed,SSTF,70.0,133.5,29.120725723557555,66.0,178.0,112.0,20.847457627118644,29.2562110220522,0.6610169491525424,0.7288135593220338,0.65,63.5,1280,262,397,116
mixed,SCAN,190.0,97.71666666666667,61.74735936774048,3.0,198.0,195.0,26.76271186440678,36.567253565502526,0.5423728813559322,0.6949152542372882,0.8333333333333334,92.28333333333333,1626,205,396,384
mixed,SSTF,172.0,100.8,29.45606898416691,60.0,152.0,92.0,22.440677966101696,30.159615599335545,0.6610169491525424,0.6949152542372882,0.8,71.2,1433,166,378,112
mixed,SSTF,100.0,92.21666666666667,43.56837219308928,1.0,142.0,141.0,20.28813559322034,28.134694696700187,0.6271186440677966,0.6101694915254238,0.7,7.783333333333331,1211,297,395,225
mixed,SCAN,1.0,58.65,33.31507416570863,18.0,112.0,94.0,12.016949152542374,20.315721160853485,0.7457627118644068,0.7288135593220338,0.6166666666666667,57.65,726,111,111,111
mixed,SCAN,103.0,132.25,9.186266924055712,114.0,150.0,36.0,5.864406779661017,5.935979427755263,0.7966101694915254,0.5423728813559322,0.4666666666666667,29.25,364,47,47,47
mixed,SCAN,140.0,97.25,63.52312571024823,3.0,199.0,196.0,41.559322033898304,50.62968620250466,0.5423728813559322,0.7457627118644068,0.9,42.75,2465,255,383,255
mixed,SCAN,191.0,113.18333333333334,65.1256456568549,2.0,196.0,194.0,36.152542372881356,49.25885055442443,0.5254237288135594,0.7288135593220338,0.8833333333333333,77.81666666666666,2186,205,397,383
mixed,SSTF,155.0,71.76666666666667,46.780824656642764,8.0,189.0,181.0,28.89830508474576,41.81828929022756,0.5423728813559322,0.5932203389830508,0.7333333333333333,83.23333333333333,1824,235,394,215
mixed,SSTF,81.0,133.9,31.936238559563233,46.0,168.0,122.0,24.71186440677966,37.353125182918326,0.6271186440677966,0.711864406779661,0.6833333333333333,52.900000000000006,1485,271,381,157
mixed,SSTF,145.0,99.83333333333333,39.069240529546455,52.0,175.0,123.0,20.203389830508474,24.065433161587013,0.5423728813559322,0.5932203389830508,0.6833333333333333,45.16666666666667,1282,201,378,153
mixed,SCAN,25.0,85.78333333333333,38.39448383412503,39.0,177.0,138.0,31.491525423728813,44.98375333133927,0.6440677966101694,0.6779661016949152,0.7,60.78333333333333,1889,152,152,152
mixed,SSTF,195.0,82.61666666666666,54.61199247621554,0.0,198.0,198.0,41.23728813559322,51.20326359535379,0.5254237288135594,0.7457627118644068,0.8833333333333333,112.38333333333334,2625,203,394,201
mixed,SCAN,178.0,119.13333333333334,50.38302183165366,0.0,198.0,198.0,29.796610169491526,41.7875091470219,0.559322033898305,0.7627118644067796,0.8833333333333333,58.86666666666666,1822,220,397,376
mixed,SSTF,28.0,61.06666666666667,38.65310106863643,10.0,135.0,125.0,24.28813559322034,33.87366901379581,0.6779661016949152,0.6949152542372882,0.7666666666666667,33.06666666666667,1451,360,397,143
mixed,SSTF,94.0,72.21666666666667,48.46892188700806,6.0,183.0,177.0,35.067796610169495,48.35352314185409,0.559322033898305,0.6779661016949152,0.8333333333333334,21.78333333333333,2138,298,394,265
mixed,SSTF,59.0,87.58333333333333,41.52320301817875,6.0,189.0,183.0,27.1864406779661,37.61647429223909,0.5932203389830508,0.6271186440677966,0.8333333333333334,28.58333333333333,1611,333,395,313
mixed,SCAN,1.0,125.16666666666667,45.09995072675308,34.0,190.0,156.0,34.355932203389834,41.567491662524546,0.5932203389830508,0.6949152542372882,0.7666666666666667,124.16666666666667,2097,189,189,189
mixed,SCAN,144.0,112.66666666666667,41.4417931829961,25.0,193.0,168.0,32.16949152542373,43.752444015946956,0.5423728813559322,0.6271186440677966,0.8,31.33333333333333,1947,229,396,287
mixed,SSTF,47.0,96.7,61.95221276650792,4.0,199.0,195.0,36.25423728813559,45.31531458880847,0.559322033898305,0.6949152542372882,0.75,49.7,2215,347,389,252
mixed,SSTF,112.0,85.7,38.830100008455645,39.0,166.0,127.0,28.322033898305083,38.46479379854976,0.6271186440677966,0.7457627118644068,0.7,26.299999999999997,1743,247,385,200
mixed,SCAN,103.0,119.63333333333334,55.688408927611576,1.0,198.0,197.0,29.74576271186441,45.5082757310304,0.6101694915254238,0.7457627118644068,0.7833333333333333,16.63333333333334,1772,294,394,299
mixed,SSTF,116.0,74.61666666666666,60.694615814657645,1.0,196.0,195.0,10.084745762711865,24.80314915461766,0.7627118644067796,0.6949152542372882,0.8166666666666667,41.38333333333334,610,281,347,275
mixed,SCAN,10.0,118.03333333333333,20.558831570776476,86.0,155.0,69.0,10.067796610169491,11.374763036130647,0.6610169491525424,0.559322033898305,0.6166666666666667,108.03333333333333,671,145,145,145
mixed,SCAN,94.0,166.05,8.490043187954543,153.0,184.0,31.0,3.457627118644068,3.2276455915030886,0.9491525423728814,0.576271186440678,0.5,72.05000000000001,264,90,90,90
mixed,SCAN,44.0,152.46666666666667,26.85421547706968,98.0,193.0,95.0,19.06779661016949,26.23225108220773,0.6779661016949152,0.576271186440678,0.6833333333333333,108.46666666666667,1216,149,149,149
mixed,SSTF,197.0,134.28333333333333,25.895361017414338,91.0,175.0,84.0,13.084745762711865,21.352003943259998,0.7457627118644068,0.6610169491525424,0.7166666666666667,62.71666666666667,866,110,376,106
mixed,SSTF,103.0,38.333333333333336,28.74524115203922,1.0,97.0,96.0,15.627118644067796,21.223506559492918,0.6440677966101694,0.6610169491525424,0.6333333333333333,64.66666666666666,1024,294,392,102
mixed,SSTF,121.0,86.55,47.513305154100436,5.0,192.0,187.0,31.949152542372882,41.155523026114025,0.5932203389830508,0.7966101694915254,0.8833333333333333,34.45,1974,272,395,258
mixed,SSTF,87.0,109.1,48.515530159595976,2.0,198.0,196.0,32.86440677966102,39.86267003019523,0.4915254237288136,0.6440677966101694,0.7833333333333333,22.099999999999994,1967,309,389,307
mixed,SSTF,179.0,69.65,61.18791411163918,12.0,197.0,185.0,46.08474576271186,52.52256597691863,0.5084745762711864,0.6440677966101694,0.7666666666666667,109.35,2886,207,393,203
mixed,SCAN,163.0,96.76666666666667,48.34851485711727,0.0,198.0,198.0,35.152542372881356,47.764895115563135,0.5084745762711864,0.7627118644067796,0.95,66.23333333333333,2183,235,397,379
mixed,SSTF,194.0,71.83333333333333,27.997718160989876,13.0,135.0,122.0,14.932203389830509,21.257791717494914,0.7288135593220338,0.7627118644067796,0.75,122.16666666666667,1062,191,339,181
mixed,SSTF,146.0,77.43333333333334,29.694200705786905,25.0,136.0,111.0,20.35593220338983,25.401696668185817,0.6440677966101694,0.6949152542372882,0.8166666666666667,68.56666666666666,1322,227,388,121
mixed,SCAN,104.0,77.91666666666667,48.4012023496203,5.0,199.0,194.0,32.79661016949152,43.10168491771914,0.5423728813559322,0.7457627118644068,0.8333333333333334,26.08333333333333,2024,289,396,293
mixed,SSTF,37.0,123.13333333333334,51.99918802784863,1.0,199.0,198.0,34.220338983050844,39.27955771291702,0.5084745762711864,0.7966101694915254,0.85,86.13333333333334,2089,360,384,234
mixed,SCAN,37.0,87.6,33.90634158973805,39.0,141.0,102.0,6.6440677966101696,9.210831339325747,0.7796610169491526,0.6271186440677966,0.7166666666666667,50.599999999999994,394,104,104,104
mixed,SCAN,125.0,110.43333333333334,71.43117122252876,0.0,196.0,196.0,39.0,51.015783533055,0.5254237288135594,0.6610169491525424,0.8333333333333334,14.566666666666663,2332,273,394,279
mixed,SSTF,57.0,120.05,47.68627510440854,7.0,198.0,191.0,41.74576271186441,51.720760418970784,0.5084745762711864,0.5932203389830508,0.8333333333333334,63.05,2532,334,387,332
mixed,SSTF,89.0,69.78333333333333,34.66462734386292,17.0,123.0,106.0,23.661016949152543,33.123605270025465,0.6779661016949152,0.7288135593220338,0.7833333333333333,19.21666666666667,1467,292,395,182
mixed,SSTF,196.0,119.01666666666667,53.10633724477292,1.0,188.0,187.0,36.94915254237288,46.91153727805443,0.5254237288135594,0.6271186440677966,0.8,76.98333333333333,2256,201,390,195
mixed,SCAN,122.0,115.81666666666666,40.08386694031514,5.0,198.0,193.0,35.898305084745765,46.14409814632237,0.5423728813559322,0.6271186440677966,0.75,6.183333333333337,2133,271,397,310
mixed,SSTF,8.0,115.53333333333333,56.558661778919614,0.0,199.0,199.0,18.915254237288135,32.35517307843312,0.711864406779661,0.7288135593220338,0.8166666666666667,107.53333333333333,1251,390,393,253
mixed,SCAN,175.0,122.21666666666667,42.506113939317274,38.0,199.0,161.0,24.677966101694917,38.690620191184735,0.6271186440677966,0.6610169491525424,0.7833333333333333,52.78333333333333,1543,185,394,185
mixed,SSTF,71.0,89.86666666666666,39.834016730539346,8.0,141.0,133.0,31.45762711864407,41.82907999648671,0.6101694915254238,0.711864406779661,0.8,18.86666666666666,1865,319,379,203
mixed,SSTF,72.0,83.31666666666666,46.20840171320459,0.0,198.0,198.0,39.220338983050844,51.661239378497086,0.5254237288135594,0.6949152542372882,0.85,11.316666666666663,2340,326,397,270
mixed,SCAN,119.0,89.55,50.27372574218067,6.0,196.0,190.0,35.40677966101695,46.18096997611139,0.5423728813559322,0.7288135593220338,0.8666666666666667,29.450000000000003,2176,273,387,303
mixed,SSTF,34.0,137.03333333333333,50.98397351673912,0.0,197.0,197.0,43.79661016949152,60.064310072132294,0.6779661016949152,0.7627118644067796,0.7333333333333333,103.03333333333333,2661,364,364,267
mixed,SCAN,77.0,115.68333333333334,59.65665418785141,0.0,197.0,197.0,35.83050847457627,47.571232063931625,0.576271186440678,0.6949152542372882,0.85,38.68333333333334,2165,321,392,351
mixed,SCAN,177.0,122.25,47.60379011521387,2.0,198.0,196.0,40.644067796610166,47.448370768001894,0.5084745762711864,0.7288135593220338,0.8333333333333334,54.75,2492,219,397,371
mixed,SSTF,49.0,131.7,42.6846186192013,44.0,189.0,145.0,29.864406779661017,43.499252916677854,0.6271186440677966,0.6949152542372882,0.8666666666666667,82.69999999999999,1837,305,397,150
mixed,SSTF,23.0,76.05,43.87916172095056,18.0,162.0,144.0,23.220338983050848,32.05771690941843,0.6101694915254238,0.6779661016949152,0.7166666666666667,53.05,1375,357,397,149
mixed,SCAN,0.0,124.61666666666666,40.82731588314645,9.0,197.0,188.0,31.16949152542373,41.382528263799514,0.559322033898305,0.6440677966101694,0.8,124.61666666666666,1932,197,197,197
mixed,SSTF,198.0,98.51666666666667,35.247927441040964,7.0,184.0,177.0,26.271186440677965,37.12408442446858,0.5423728813559322,0.6271186440677966,0.8166666666666667,99.48333333333333,1675,193,384,191
mixed,SSTF,100.0,120.68333333333334,37.44751512302103,0.0,197.0,197.0,22.135593220338983,31.08624287099569,0.6101694915254238,0.6949152542372882,0.7833333333333333,20.683333333333337,1322,298,394,294
mixed,SSTF,142.0,141.08333333333334,29.61660101287039,99.0,185.0,86.0,7.88135593220339,8.24227372316338,0.6949152542372882,0.6440677966101694,0.6666666666666666,0.9166666666666572,507,157,382,129
mixed,SSTF,65.0,115.56666666666666,38.66926715393275,32.0,173.0,141.0,25.491525423728813,37.37640553736303,0.6779661016949152,0.6949152542372882,0.8166666666666667,50.56666666666666,1521,301,381,249
mixed,SSTF,177.0,102.91666666666667,50.715642447758555,4.0,195.0,191.0,36.220338983050844,47.76072700402379,0.559322033898305,0.7457627118644068,0.8666666666666667,74.08333333333333,2270,217,397,215
mixed,SCAN,177.0,126.5,49.49528597082083,15.0,198.0,183.0,43.66101694915254,52.73136594948037,0.5254237288135594,0.711864406779661,0.9,50.5,2673,206,397,345
mixed,SSTF,148.0,79.83333333333333,15.183507134021733,54.0,109.0,55.0,3.305084745762712,5.669586531088146,0.9661016949152542,0.6610169491525424,0.5166666666666667,68.16666666666667,265,196,359,94
mixed,SSTF,63.0,122.5,47.75545344076772,3.0,191.0,188.0,38.42372881355932,47.27424618328297,0.5084745762711864,0.6610169491525424,0.8333333333333334,59.5,2320,332,390,316
mixed,SCAN,148.0,114.3,43.83389099772002,1.0,194.0,193.0,34.50847457627118,45.13646835585593,0.5423728813559322,0.6610169491525424,0.7666666666666667,33.7,2066,249,396,344
mixed,SSTF,165.0,100.31666666666666,44.617071346689215,23.0,181.0,158.0,23.06779661016949,35.71917986739492,0.6610169491525424,0.7457627118644068,0.8833333333333333,64.68333333333334,1477,210,397,176
mixed,SSTF,56.0,85.5,70.58647179169674,1.0,178.0,177.0,10.152542372881356,20.308479951565054,0.6949152542372882,0.6610169491525424,0.7333333333333333,29.5,654,341,371,232
mixed,SSTF,46.0,89.06666666666666,29.63323959490236,34.0,151.0,117.0,16.11864406779661,21.973084263702102,0.7457627118644068,0.7796610169491526,0.7333333333333333,43.06666666666666,963,318,394,129
mixed,SSTF,37.0,69.41666666666667,41.775308363779786,5.0,177.0,172.0,28.372881355932204,39.134664639467026,0.5423728813559322,0.6949152542372882,0.8,32.41666666666667,1681,356,395,312
mixed,SCAN,104.0,113.33333333333333,50.398963834145995,2.0,199.0,197.0,15.457627118644067,28.915025730811685,0.7288135593220338,0.7627118644067796,0.8333333333333334,9.333333333333329,929,292,397,301
mixed,SCAN,33.0,93.4,29.19257896566637,48.0,154.0,106.0,13.322033898305085,16.523676569961097,0.6440677966101694,0.7457627118644068,0.8,60.400000000000006,820,121,121,121
mixed,SCAN,115.0,101.23333333333333,42.2986866095023,6.0,195.0,189.0,33.03389830508475,47.08051743652945,0.559322033898305,0.6440677966101694,0.8,13.766666666666666,1991,277,395,298
mixed,SSTF,35.0,101.88333333333334,63.587496587161084,0.0,197.0,197.0,36.16949152542373,44.144275227198754,0.5084745762711864,0.7627118644067796,0.8666666666666667,66.88333333333334,2254,363,390,359
mixed,SCAN,8.0,88.33333333333333,50.18222350151052,28.0,193.0,165.0,34.271186440677965,52.376676950937494,0.6610169491525424,0.7796610169491526,0.8,80.33333333333333,2050,185,185,185
mixed,SCAN,179.0,68.25,51.20404443661327,8.0,196.0,188.0,39.25423728813559,53.19920772327698,0.5254237288135594,0.6101694915254238,0.7666666666666667,110.75,2463,211,395,359
mixed,SSTF,93.0,83.55,29.924028806295453,14.0,130.0,116.0,11.05084745762712,14.337841041192133,0.7457627118644068,0.7288135593220338,0.7666666666666667,9.450000000000003,731,291,394,153
mixed,SCAN,139.0,91.33333333333333,58.59370462961206,2.0,198.0,196.0,28.796610169491526,41.535273823100006,0.6101694915254238,0.711864406779661,0.8333333333333334,47.66666666666667,1717,257,395,339
mixed,SCAN,77.0,98.96666666666667,66.22335103437625,2.0,194.0,192.0,42.52542372881356,55.568664481685005,0.5084745762711864,0.711864406779661,0.9166666666666666,21.96666666666667,2564,319,393,319
mixed,SSTF,134.0,104.01666666666667,48.40678040201485,14.0,162.0,148.0,36.898305084745765,56.88039634753511,0.6779661016949152,0.6949152542372882,0.7,29.983333333333334,2210,250,392,248
mixed,SCAN,109.0,118.9,51.085125036550515,1.0,198.0,197.0,35.355932203389834,47.08224420146358,0.5423728813559322,0.7288135593220338,0.9,9.900000000000006,2106,288,396,305
mixed,SSTF,168.0,90.51666666666667,66.90777026790103,0.0,196.0,196.0,39.25423728813559,49.520272589108664,0.5254237288135594,0.7457627118644068,0.9,77.48333333333333,2336,230,394,224
mixed,SSTF,97.0,117.51666666666667,48.4769676123506,7.0,186.0,179.0,33.152542372881356,41.01004984697769,0.5423728813559322,0.711864406779661,0.9166666666666666,20.516666666666666,1961,294,395,274
mixed,SSTF,25.0,85.16666666666667,53.53135114636614,1.0,195.0,194.0,35.932203389830505,47.50374272740175,0.559322033898305,0.5423728813559322,0.8333333333333334,60.16666666666667,2131,372,381,364
mixed,SCAN,68.0,153.21666666666667,19.459437870149852,105.0,193.0,88.0,5.220338983050848,5.807849150029404,0.8813559322033898,0.7457627118644068,0.7,85.21666666666667,345,125,125,125
mixed,SSTF,137.0,88.41666666666667,64.54669928732908,2.0,197.0,195.0,24.64406779661017,40.09597076501109,0.6101694915254238,0.7457627118644068,0.9,48.58333333333333,1465,259,353,255
mixed,SCAN,103.0,112.6,43.29133862564196,1.0,191.0,190.0,34.88135593220339,40.81711370298987,0.5084745762711864,0.6949152542372882,0.8666666666666667,9.599999999999994,2088,294,396,294
mixed,SSTF,195.0,108.45,46.012108913487836,0.0,187.0,187.0,31.71186440677966,49.480710450573355,0.559322033898305,0.6949152542372882,0.9,86.55,1962,203,390,195
mixed,SSTF,67.0,94.61666666666666,31.436227332313415,24.0,131.0,107.0,20.0,28.304638177741847,0.6271186440677966,0.6440677966101694,0.7166666666666667,27.61666666666666,1211,307,383,171
mixed,SCAN,124.0,124.8,59.02338519603904,1.0,199.0,198.0,30.728813559322035,44.7250851041718,0.5932203389830508,0.7288135593220338,0.8333333333333334,0.7999999999999972,1823,273,396,321
mixed,SCAN,80.0,70.95,49.1827967891213,2.0,198.0,196.0,35.610169491525426,49.48754917855688,0.5254237288135594,0.6779661016949152,0.7166666666666667,9.049999999999997,2148,316,397,316
mixed,SSTF,130.0,88.95,18.90187380481981,44.0,133.0,89.0,4.966101694915254,5.532541947101514,0.9152542372881356,0.7457627118644068,0.65,41.05,379,224,395,92
mixed,SSTF,183.0,144.31666666666666,26.947165383806553,81.0,176.0,95.0,7.491525423728813,5.9385922013638375,0.6949152542372882,0.6949152542372882,0.6166666666666667,38.68333333333334,544,134,391,102
mixed,SSTF,67.0,110.05,47.34146350364199,27.0,172.0,145.0,31.88135593220339,43.04947281937208,0.6440677966101694,0.6440677966101694,0.8,43.05,1918,304,370,250
mixed,SSTF,37.0,67.95,29.346450665568856,15.0,119.0,104.0,21.084745762711865,25.335235820649192,0.576271186440678,0.711864406779661,0.7,30.950000000000003,1266,346,395,186
mixed,SCAN,26.0,147.31666666666666,21.910797693273416,111.0,191.0,80.0,8.05084745762712,11.242208192545068,0.7627118644067796,0.6779661016949152,0.6833333333333333,121.31666666666666,582,165,165,165
mixed,SCAN,124.0,123.4,50.44045995032163,9.0,199.0,190.0,36.03389830508475,44.77551014262183,0.5084745762711864,0.6440677966101694,0.7666666666666667,0.5999999999999943,2140,265,392,307
mixed,SSTF,128.0,106.85,47.69899544714403,7.0,196.0,189.0,32.067796610169495,42.895957854206024,0.5423728813559322,0.7457627118644068,0.9,21.150000000000006,1954,263,395,257
mixed,SCAN,0.0,82.16666666666667,53.33546870725167,21.0,190.0,169.0,30.016949152542374,53.77589767129273,0.6949152542372882,0.711864406779661,0.6833333333333333,82.16666666666667,1815,190,190,190
mixed,SSTF,166.0,111.45,40.509844482545226,0.0,196.0,196.0,10.288135593220339,26.33039800754732,0.847457627118644,0.7457627118644068,0.7166666666666667,54.55,684,232,395,226
mixed,SSTF,80.0,70.61666666666666,50.11755902098806,1.0,196.0,195.0,45.33898305084746,54.500384128483496,0.5254237288135594,0.6779661016949152,0.85,9.38333333333334,2731,317,397,274
mixed,SSTF,38.0,96.08333333333333,39.69605004139441,21.0,146.0,125.0,17.016949152542374,23.470494658312788,0.6610169491525424,0.6271186440677966,0.7833333333333333,58.08333333333333,1081,339,396,142
mixed,SSTF,101.0,126.38333333333334,41.417826945518144,37.0,183.0,146.0,33.76271186440678,48.098535508573654,0.6440677966101694,0.7457627118644068,0.7833333333333333,25.38333333333334,1996,260,394,228
mixed,SSTF,185.0,114.55,47.7840367347367,6.0,198.0,192.0,43.11864406779661,55.2890968335523,0.5423728813559322,0.7796610169491526,0.8166666666666667,70.45,2642,207,383,205
mixed,SSTF,89.0,119.48333333333333,40.318106629927726,3.0,194.0,191.0,37.83050847457627,45.22979089590417,0.5254237288135594,0.6949152542372882,0.8333333333333334,30.483333333333334,2245,306,391,279
mixed,SSTF,168.0,40.483333333333334,23.873619797220158,4.0,106.0,102.0,14.542372881355933,18.376774245159833,0.6271186440677966,0.6101694915254238,0.7,127.51666666666667,1016,226,336,164
mixed,SSTF,197.0,90.2,47.033959362712956,10.0,195.0,185.0,36.50847457627118,44.83316451072759,0.576271186440678,0.7457627118644068,0.8166666666666667,106.8,2329,191,396,187
mixed,SSTF,99.0,123.45,35.717141076332894,43.0,173.0,130.0,14.35593220338983,14.614553591313342,0.6271186440677966,0.711864406779661,0.8166666666666667,24.450000000000003,903,256,393,204
mixed,SSTF,99.0,104.91666666666667,69.00779947867406,2.0,198.0,196.0,31.779661016949152,51.741884747013486,0.6949152542372882,0.711864406779661,0.7666666666666667,5.916666666666671,1922,297,360,293
mixed,SSTF,186.0,83.18333333333334,26.706111452042002,34.0,125.0,91.0,10.423728813559322,12.742832335334947,0.6949152542372882,0.711864406779661,0.7166666666666667,102.81666666666666,767,178,337,152
mixed,SSTF,169.0,91.68333333333334,38.926208680299474,14.0,155.0,141.0,23.305084745762713,31.358643950536937,0.6440677966101694,0.6949152542372882,0.7833333333333333,77.31666666666666,1477,215,384,155
mixed,SSTF,35.0,134.41666666666666,40.09833399143771,16.0,187.0,171.0,30.322033898305083,50.324519979007206,0.6949152542372882,0.6101694915254238,0.7833333333333333,99.41666666666666,1881,347,392,190
mixed,SSTF,131.0,98.16666666666667,59.89300645502964,22.0,183.0,161.0,11.101694915254237,21.17057032710078,0.7288135593220338,0.6949152542372882,0.7,32.83333333333333,660,245,397,215
mixed,SSTF,190.0,102.71666666666667,28.208799848431852,55.0,141.0,86.0,12.983050847457626,15.474956833458842,0.6440677966101694,0.6101694915254238,0.6833333333333333,87.28333333333333,843,153,349,135
mixed,SCAN,179.0,91.86666666666666,65.27288019452557,1.0,197.0,196.0,40.067796610169495,49.79682938881723,0.4915254237288136,0.7457627118644068,0.9166666666666666,87.13333333333334,2406,218,395,376
mixed,SSTF,104.0,118.96666666666667,56.948797665583385,8.0,197.0,189.0,35.08474576271186,43.7172301042302,0.559322033898305,0.6610169491525424,0.85,14.966666666666669,2110,286,390,285
mixed,SCAN,0.0,124.21666666666667,61.36315171899899,0.0,195.0,195.0,27.915254237288135,43.062543453263146,0.6779661016949152,0.6779661016949152,0.7666666666666667,124.21666666666667,1784,195,195,195
mixed,SCAN,113.0,98.4,66.82494544205281,0.0,199.0,199.0,44.91525423728814,51.735732704724356,0.5254237288135594,0.7288135593220338,0.9,14.599999999999994,2689,285,388,312
mixed,SSTF,67.0,91.0,46.73185922544348,7.0,189.0,182.0,36.32203389830509,46.41830464410295,0.559322033898305,0.7796610169491526,0.8,24.0,2184,324,395,242
mixed,SCAN,124.0,79.05,53.862610717763516,11.0,175.0,164.0,10.23728813559322,20.6564628398129,0.6949152542372882,0.7288135593220338,0.7666666666666667,44.95,640,263,397,277
mixed,SSTF,17.0,91.81666666666666,58.83012030886522,1.0,196.0,195.0,24.593220338983052,35.93078027242588,0.5932203389830508,0.7457627118644068,0.8666666666666667,74.81666666666666,1558,380,397,215
mixed,SSTF,104.0,136.03333333333333,22.123115111173252,103.0,173.0,70.0,15.084745762711865,20.726866324826524,0.711864406779661,0.6271186440677966,0.5833333333333334,32.03333333333333,896,191,397,71
mixed,SCAN,122.0,123.8,38.28350384521598,0.0,195.0,195.0,18.71186440677966,30.617404404295783,0.6779661016949152,0.7457627118644068,0.7833333333333333,1.7999999999999972,1141,276,394,368
mixed,SSTF,176.0,81.01666666666667,57.401362256386285,1.0,197.0,196.0,40.66101694915254,55.55898077474538,0.559322033898305,0.7288135593220338,0.8666666666666667,94.98333333333333,2573,221,383,217
mixed,SCAN,124.0,103.76666666666667,42.94041090731304,6.0,189.0,183.0,39.96610169491525,50.60346544765182,0.4915254237288136,0.6101694915254238,0.8166666666666667,20.233333333333334,2392,268,396,301
mixed,SCAN,143.0,61.96666666666667,56.27698365130179,4.0,197.0,193.0,39.389830508474574,50.981225174668516,0.5254237288135594,0.6440677966101694,0.7666666666666667,81.03333333333333,2454,251,388,342
mixed,SSTF,67.0,122.81666666666666,46.89402650895125,1.0,195.0,194.0,36.6271186440678,48.49913446897956,0.5084745762711864,0.6101694915254238,0.75,55.81666666666666,2231,330,397,260
mixed,SCAN,121.0,133.51666666666668,41.309600041098875,1.0,197.0,196.0,16.627118644067796,29.373629534614395,0.6610169491525424,0.711864406779661,0.7333333333333333,12.51666666666668,1003,276,391,316
mixed,SSTF,9.0,125.31666666666666,47.965436050926876,1.0,197.0,196.0,35.32203389830509,47.71932084914805,0.5423728813559322,0.6610169491525424,0.8666666666666667,116.31666666666666,2188,388,390,384
mixed,SCAN,143.0,105.66666666666667,57.18556538925613,2.0,197.0,195.0,19.54237288135593,32.26233677262778,0.6271186440677966,0.7796610169491526,0.8,37.33333333333333,1158,253,397,295
mixed,SSTF,41.0,70.88333333333334,36.819873106184865,0.0,108.0,108.0,19.64406779661017,32.365896841711105,0.711864406779661,0.711864406779661,0.6333333333333333,29.88333333333334,1194,357,387,149
mixed,SSTF,61.0,103.0,63.9278238849616,3.0,198.0,195.0,34.016949152542374,45.41167307762707,0.576271186440678,0.711864406779661,0.9,42.0,2082,334,393,253
mixed,SSTF,35.0,64.15,51.57157647386785,1.0,197.0,196.0,34.3728813559322,48.703843270576776,0.5423728813559322,0.6949152542372882,0.8166666666666667,29.150000000000006,2057,362,395,358
mixed,SSTF,168.0,117.25,48.72666107994677,31.0,193.0,162.0,27.508474576271187,37.668659310934494,0.6610169491525424,0.7796610169491526,0.8666666666666667,50.75,1760,199,396,187
mixed,SSTF,24.0,59.666666666666664,58.916230550012465,0.0,199.0,199.0,35.45762711864407,47.95736879237724,0.5254237288135594,0.6440677966101694,0.8,35.666666666666664,2116,374,397,223
mixed,SSTF,30.0,114.5,49.13128670545209,3.0,191.0,188.0,35.932203389830505,51.6053683998811,0.576271186440678,0.7457627118644068,0.8666666666666667,84.5,2175,365,397,215
mixed,SSTF,113.0,98.38333333333334,49.893249933121105,11.0,198.0,187.0,32.79661016949152,40.91983881747376,0.576271186440678,0.7288135593220338,0.9166666666666666,14.61666666666666,2011,274,391,272
mixed,SSTF,51.0,108.15,49.3871862598657,2.0,188.0,186.0,38.79661016949152,42.856393886835896,0.5423728813559322,0.7627118644067796,0.8666666666666667,57.150000000000006,2314,345,394,235
mixed,SSTF,54.0,80.9,45.57290861904691,0.0,186.0,186.0,36.983050847457626,42.466932908939036,0.4915254237288136,0.7288135593220338,0.8833333333333333,26.900000000000006,2211,344,394,318
mixed,SCAN,111.0,102.13333333333334,64.13591470896439,3.0,198.0,195.0,41.32203389830509,52.06724487702029,0.5084745762711864,0.7288135593220338,0.8833333333333333,8.86666666666666,2467,284,395,303
mixed,SSTF,3.0,112.0,66.07899313195786,2.0,198.0,196.0,41.3728813559322,51.83477607110747,0.5084745762711864,0.6779661016949152,0.9166666666666666,109.0,2572,393,397,197
mixed,SSTF,26.0,109.23333333333333,47.36396895906798,9.0,193.0,184.0,34.50847457627118,44.880395811328995,0.5423728813559322,0.5932203389830508,0.7833333333333333,83.23333333333333,2130,363,397,355
mixed,SCAN,36.0,109.21666666666667,34.37784735682106,42.0,157.0,115.0,30.796610169491526,42.692745250026086,0.6779661016949152,0.6610169491525424,0.6833333333333333,73.21666666666667,1876,121,121,121
mixed,SSTF,44.0,81.63333333333334,53.23124604549057,6.0,199.0,193.0,41.813559322033896,57.84094924329238,0.559322033898305,0.6271186440677966,0.8,37.63333333333334,2479,348,395,231
mixed,SSTF,72.0,110.4,44.713234431578904,1.0,191.0,190.0,38.71186440677966,48.93269360359849,0.5254237288135594,0.6779661016949152,0.75,38.400000000000006,2321,325,383,309
mixed,SCAN,2.0,145.6,56.02862363708987,2.0,199.0,197.0,13.576271186440678,31.03317163984617,0.6949152542372882,0.7627118644067796,0.8,143.6,917,197,197,197
mixed,SCAN,4.0,120.01666666666667,52.2913286841667,23.0,187.0,164.0,30.677966101694917,50.70099811071356,0.7288135593220338,0.7288135593220338,0.85,116.01666666666667,1875,183,183,183
mixed,SSTF,186.0,80.08333333333333,45.86258157680277,7.0,180.0,173.0,35.389830508474574,45.75136080189867,0.5932203389830508,0.711864406779661,0.85,105.91666666666667,2255,205,392,179
